playerName,agent
Cryocells,"['brimstone', 'astra', 'jett']"
eeiu,"['fade', 'sova']"
Asuna,"['raze', 'gekko', 'kayo']"
Boostio,"['gekko', 'killjoy', 'omen']"
bunt,"['omen', 'viper', 'brimstone']"
monk,"['breach', 'killjoy', 'harbor']"
deLb,"['raze', 'reyna', 'killjoy']"
Spitfires,"['cypher', 'jett', 'killjoy']"
Elite,"['viper', 'killjoy', 'cypher']"
Jamppi,"['viper', 'kayo', 'killjoy']"
reazy,"['skye', 'sova', 'gekko']"
sScary,"['viper', 'omen', 'brimstone']"
Retla,"['viper', 'cypher', 'killjoy']"
Zest,"['fade', 'gekko', 'skye']"
Deryeon,"['harbor', 'raze', 'killjoy']"
crazyguy,"['sova', 'breach', 'fade']"
yay,"['neon', 'skye', 'raze']"
Egoist,"['skye', 'killjoy']"
Flex1n,"['omen', 'viper', 'brimstone']"
Knight,"['killjoy', 'kayo', 'breach']"
nephh,"['fade', 'kayo', 'sova']"
Yosemite,"['viper', 'killjoy', 'cypher']"
B3ar,"['omen', 'brimstone', 'viper']"
Levius,"['fade', 'skye', 'killjoy']"
OXY,"['yoru', 'raze', 'jett']"
wippie,"['viper', 'killjoy']"
Xeppaa,"['raze', 'skye', 'fade']"
moose,"['killjoy', 'cypher']"
runi,"['sova', 'viper', 'breach']"
vanity,"['skye', 'viper', 'gekko']"
nizhaoTZH,"['viper', 'omen', 'brimstone']"
Shion7,"['harbor', 'gekko', 'sova']"
vo0kashu,"['killjoy', 'cypher', 'omen']"
Dingwei,"['sova', 'skye', 'viper']"
TvirusLuke,"['jett', 'raze', 'neon']"
Nicc,"['gekko', 'breach', 'skye']"
Smoggy,"['kayo', 'raze', 'breach']"
CHICHOO,"['cypher', 'brimstone', 'viper']"
ZmjjKK,"['raze', 'kayo', 'jett']"
S1Mon,"['breach', 'kayo', 'fade']"
nobody,"['sova', 'skye', 'gekko']"
QutionerX,"['raze', 'jett', 'neon']"
Brave,"['brimstone', 'omen', 'viper']"
Derrek,"['fade', 'gekko', 'sova']"
supamen,"['omen', 'viper', 'clove']"
NaturE,"['breach', 'kayo', 'viper']"
Apoth,"['cypher', 'killjoy', 'harbor']"
Leo,"['fade', 'sova', 'skye']"
Chronicle,"['viper', 'kayo', 'breach']"
Alfajer,"['killjoy', 'cypher', 'viper']"
hiro,"['sova', 'gekko', 'fade']"
Boaster,"['omen', 'harbor', 'brimstone']"
Autumn,"['jett', 'raze', 'phoenix']"
AAAAY,"['gekko', 'sova', 'fade']"
BerLIN,"['omen', 'harbor', 'astra']"
Life,"['reyna', 'chamber', 'jett']"
cNed,"['chamber', 'raze', 'jett']"
yetujey,"['viper', 'phoenix', 'cypher']"
MrFaliN,"['skye', 'sova', 'omen']"
qRaxs,"['raze', 'fade', 'gekko']"
AtaKaptan,"['omen', 'viper', 'breach']"
leaf,"['jett', 'raze', 'yoru']"
valyn,"['brimstone', 'omen', 'harbor']"
trent,"['viper', 'sova', 'fade']"
JonahP,"['sova', 'kayo', 'breach']"
jawgemo,"['raze', 'deadlock', 'jett']"
icy,"['yoru', 'gekko', 'raze']"
blaZek1ng,"['fade', 'sova', 'gekko']"
Polvi,"['raze', 'jett', 'gekko']"
Benkai,"['viper', 'killjoy', 'cypher']"
Russ,"['gekko', 'kayo', 'breach']"
Lightningfast,"['omen', 'viper', 'sage']"
nukkye,"['cypher', 'sage', 'killjoy']"
purp0,"['jett', 'raze', 'yoru']"
Cloud,"['breach', 'fade', 'skye']"
Fit1nho,"['raze', 'yoru', 'breach']"
hoody,"['skye', 'breach', 'viper']"
Redgar,"['omen', 'cypher', 'kayo']"
Famsii,"['omen', 'raze']"
Destrian,"['cypher', 'killjoy', 'omen']"
lenne,"['sova', 'gekko', 'fade']"
kawaii,"['omen', 'brimstone', 'viper']"
YHchen,"['kayo', 'gekko', 'skye']"
Z1yan,"['viper', 'omen', 'deadlock']"
Viva,"['viper', 'sova', 'skye']"
stew,"['raze', 'jett', 'neon']"
jkuro,"['fade', 'skye', 'viper']"
YiHao,"['astra', 'brimstone', 'harbor']"
sword9,"['sova', 'kayo', 'fade']"
marteen,"['jett', 'raze', 'yoru']"
MAGNUM,"['killjoy', 'fade', 'skye']"
sh1n,"['sage', 'omen', 'astra']"
tomaszy,"['viper', 'omen', 'fade']"
grubinho,"['viper', 'brimstone', 'omen']"
sheydos,"['killjoy', 'viper', 'cypher']"
starxo,"['harbor', 'skye', 'fade']"
ShadoW,"['sova', 'fade', 'breach']"
Demon1,"['jett', 'omen', 'raze']"
K4DAVRA,"['cypher', 'omen', 'viper']"
nataNk,"['raze', 'phoenix', 'sage']"
logaN,"['cypher', 'killjoy', 'omen']"
TakaS,"['yoru', 'raze', 'neon']"
Wailers,"['omen', 'viper', 'cypher']"
beyAz,"['breach', 'sova', 'kayo']"
neT,"['killjoy', 'cypher']"
ardiis,"['kayo', 'jett', 'yoru']"
Shao,"['brimstone', 'omen', 'viper']"
SUYGETSU,"['viper', 'cypher', 'killjoy']"
Zyppan,"['raze', 'kayo', 'sova']"
ANGE1,"['gekko', 'sova', 'omen']"
SWERL,"['raze', 'jett', 'killjoy']"
Ezeir,"['omen', 'astra']"
PangH,"['killjoy', 'raze']"
o0o0o,"['raze', 'breach', 'viper']"
OBONE,"['omen', 'astra']"
CB,"['breach', 'fade', 'skye']"
GuanG,"['jett', 'neon', 'killjoy']"
s0m,"['clove', 'omen', 'brimstone']"
Ethan,"['kayo', 'skye', 'yoru']"
Victor,"['cypher', 'killjoy', 'raze']"
crashies,"['sova', 'viper', 'breach']"
Marved,"['viper', 'omen', 'cypher']"
FiNESSE,"['cypher', 'deadlock', 'viper']"
d4v41,"['sage', 'fade', 'viper']"
something,"['gekko', 'reyna', 'jett']"
f0rsakeN,"['kayo', 'harbor', 'yoru']"
Jinggg,"['raze', 'reyna', 'sage']"
mindfreak,"['viper', 'brimstone', 'omen']"
Jemkin,"['jett', 'raze', 'gekko']"
xffero,"['viper', 'astra', 'harbor']"
Lmemore,"['killjoy', 'cypher', 'chamber']"
Estrella,"['sova', 'skye', 'fade']"
Monyet,"['omen', 'raze', 'astra']"
fl1pzjder,"['gekko', 'viper', 'omen']"
pAura,"['breach', 'kayo', 'sage']"
zekken,"['raze', 'jett', 'neon']"
TenZ,"['omen', 'gekko', 'kayo']"
bang,"['viper', 'omen']"
johnqt,"['viper', 'cypher', 'killjoy']"
Zellsis,"['killjoy', 'kayo', 'brimstone']"
Sacy,"['fade', 'gekko', 'skye']"
N4RRATE,"['gekko', 'fade', 'raze']"
Kai,"['jett', 'cypher', 'killjoy']"
LuoK1ng,"['omen', 'viper', 'brimstone']"
FengF,"['sova', 'raze', 'cypher']"
heybay,"['kayo', 'breach', 'brimstone']"
Biank,"['fade', 'sova', 'skye']"
Haodong,"['omen', 'cypher', 'viper']"
AC,"['viper', 'omen', 'killjoy']"
Rb,"['fade', 'cypher', 'killjoy']"
LockM,"['viper', 'sova', 'skye']"
B1ack,"['breach', 'skye']"
RieNs,"['gekko', 'sova', 'breach']"
Wo0t,"['kayo', 'skye', 'reyna']"
benjyfishy,"['killjoy', 'cypher', 'viper']"
MiniBoo,"['neon', 'yoru', 'raze']"
Boo,"['omen', 'astra', 'viper']"
paTiTek,"['viper', 'kayo', 'brimstone']"
nAts,"['cypher', 'viper', 'killjoy']"
Keiko,"['raze', 'yoru', 'jett']"
kamo,"['yoru', 'raze', 'jett']"
Enzo,"['skye', 'sova', 'gekko']"
Mistic,"['omen', 'viper', 'harbor']"
primmie,"['clove', 'jett', 'iso']"
JitBoyS,"['viper', 'killjoy', 'cypher']"
Surf,"['killjoy', 'viper', 'cypher']"
ban,"['yoru', 'kayo', 'skye']"
Governor,"['neon', 'jett', 'raze']"
Crws,"['harbor', 'omen', 'astra']"
whzy,"['raze', 'jett', 'yoru']"
invy,"['kayo', 'viper', 'sage']"
2ge,"['omen', 'viper']"
Jremy,"['jett', 'raze', 'neon']"
BORKUM,"['viper', 'omen']"
Wild0reoo,"['killjoy', 'cypher', 'skye']"
JessieVash,"['sova', 'skye', 'breach']"
NDG,"['cypher', 'killjoy']"
coldfish,"['sova', 'viper', 'cypher']"
Eren,"['viper', 'reyna', 'sova']"
Scales,"['skye', 'breach', 'kayo']"
Ninebody,"['phoenix', 'raze', 'brimstone']"
ICEKING,"['cypher', 'kayo', 'skye']"
AAK,"['jett', 'cypher', 'raze']"
hfmi0dzjc9z7,"['sova', 'gekko', 'cypher']"
Abo,"['raze', 'jett', 'viper']"
trexx,"['viper', 'fade', 'astra']"
Sayf,"['viper', 'omen', 'kayo']"
Derke,"['raze', 'jett', 'yoru']"
Kicks,"['skye', 'sova', 'deadlock']"
runneR,"['raze', 'jett', 'yoru']"
ceNder,"['omen', 'viper', 'cypher']"
Lysoar,"['viper', 'cypher', 'omen']"
pl1xx,"['kayo', 'viper', 'yoru']"
Spring,"['jett', 'omen', 'raze']"
aluba,"['omen', 'killjoy', 'skye']"
Yuicaw,"['cypher', 'raze', 'yoru']"
SiuFatBB,"['breach', 'gekko', 'viper']"
QiuYe,"['killjoy', 'skye', 'harbor']"
MarT1n,"['killjoy', 'viper']"
jakee,"['brimstone', 'astra', 'omen']"
YOU,"['killjoy', 'sova', 'skye']"
florescent,"['raze', 'jett', 'reyna']"
LunaFox,"['skye', 'gekko', 'breach']"
KP,"['viper', 'jett', 'breach']"
may,"['viper', 'omen']"
flow3r,"['jett', 'reyna']"
dodonut,"['raze', 'jett', 'sage']"
Fall,"['fade', 'skye']"
danbi,"['clove', 'killjoy']"
BLOOM,"['omen', 'viper']"
tina,"['astra', 'clove']"
qrthur,"['omen', 'sova', 'viper']"
PowerPixele,"['viper', 'breach', 'kayo']"
L4CE,"['viper', 'sova', 'skye']"
unstable,"['skye', 'jett', 'chamber']"
StarBound,"['cypher', 'killjoy', 'viper']"
sarahcat,"['viper', 'sova', 'gekko']"
Snowy,"['jett', 'raze']"
jia,"['omen', 'raze']"
meL,"['omen', 'viper', 'brimstone']"
Yeji,"['skye', 'kayo', 'raze']"
Noia,"['cypher', 'killjoy', 'viper']"
misu,"['sova', 'fade', 'harbor']"
Bjorn,"['kayo', 'sova']"
melya,"['raze', 'jett', 'viper']"
Kamiunist,"['viper', 'fade', 'sova']"
alexis,"['skye', 'harbor', 'kayo']"
karie,"['killjoy', 'cypher', 'viper']"
edith,"['jett', 'raze', 'yoru']"
Kazler,"['omen', 'sova', 'astra']"
Jazzyk1ns,"['raze', 'cypher', 'killjoy']"
aluvily,"['brimstone', 'omen', 'gekko']"
lazylion,"['cypher', 'killjoy', 'sova']"
colby,"['breach', 'jett', 'omen']"
rayne,"['jett', 'breach']"
terror,"['chamber', 'sova', 'brimstone']"
ariola,"['skye', 'viper', 'gekko']"
emluo,"['omen', 'killjoy', 'viper']"
panini,"['clove', 'omen', 'viper']"
maryna,"['brimstone', 'astra', 'sova']"
Princessicy,"['viper', 'omen', 'killjoy']"
Karra,"['sova', 'omen', 'brimstone']"
Starlight,"['sova', 'brimstone', 'omen']"
AlexaIsHot,"['viper', 'brimstone']"
calsushi,"['gekko', 'sova', 'fade']"
souhm,"['raze', 'jett', 'breach']"
hayl,"['jett', 'raze']"
Nora,"['gekko', 'kayo', 'sage']"
Raven,"['viper', 'omen', 'astra']"
evv,"['kayo', 'skye', 'sova']"
lidyuh,['omen']
avery,"['gekko', 'breach', 'astra']"
sonder,"['skye', 'kayo', 'breach']"
mili,"['raze', 'jett', 'omen']"
Sythrine,"['jett', 'raze']"
Australis,"['kayo', 'fade', 'skye']"
Battison,"['gekko', 'sova', 'jett']"
jenn,"['sova', 'gekko']"
cbui,"['brimstone', 'omen', 'gekko']"
valusia,"['fade', 'breach']"
Slandy,"['breach', 'brimstone', 'omen']"
ximei,"['sova', 'viper', 'gekko']"
habibti,"['sova', 'chamber', 'skye']"
k1m,"['cypher', 'killjoy', 'sova']"
k0rupt,"['gekko', 'breach', 'fade']"
152,"['breach', 'kayo', 'raze']"
xann,"['jett', 'raze', 'reyna']"
korosu,"['cypher', 'killjoy', 'yoru']"
clara,"['brimstone', 'omen', 'astra']"
kim,"['skye', 'cypher']"
m1yu,"['viper', 'chamber', 'cypher']"
salor,['omen']
SUPERKAT,"['viper', 'sova', 'raze']"
maddie,"['killjoy', 'viper', 'astra']"
awpi,"['raze', 'jett', 'reyna']"
sillykitty53453,"['cypher', 'deadlock', 'killjoy']"
m0narcS,"['sova', 'omen', 'cypher']"
miyara,"['sova', 'breach', 'viper']"
Elab0rate,"['raze', 'killjoy', 'cypher']"
rise,"['kayo', 'breach', 'omen']"
marceline,"['yoru', 'raze', 'reyna']"
maple,"['jett', 'raze']"
cuteasa,"['reyna', 'deadlock', 'killjoy']"
jen,"['killjoy', 'cypher', 'viper']"
kray,"['omen', 'brimstone', 'viper']"
elfonshelf,['sova']
kr1sP,"['neon', 'raze']"
TeddyIsFluffy,"['reyna', 'brimstone', 'omen']"
array,"['skye', 'kayo', 'breach']"
JULIA,"['omen', 'viper', 'astra']"
rayne,"['raze', 'jett', 'yoru']"
leviaqt,"['kayo', 'breach']"
WIRE,"['yoru', 'raze', 'jett']"
ElyS,"['raze', 'jett']"
Pearl,"['raze', 'breach']"
gigi,"['sova', 'skye']"
sabooboo,"['kayo', 'skye', 'gekko']"
3DWN,"['cypher', 'killjoy']"
jcey,"['jett', 'raze', 'omen']"
aneXcks,"['jett', 'raze', 'neon']"
wiggles,"['viper', 'brimstone', 'jett']"
theia,"['omen', 'harbor', 'viper']"
panday,"['cypher', 'killjoy', 'fade']"
hesy,"['killjoy', 'cypher']"
Meeps,"['omen', 'breach']"
Haru,"['jett', 'yoru', 'reyna']"
Carlee,"['sova', 'viper']"
Zeukos,"['viper', 'omen']"
Akame,"['jett', 'raze']"
kora,"['jett', 'raze']"
isaa,"['killjoy', 'cypher']"
lover,"['jett', 'yoru', 'raze']"
odessaca,"['omen', 'harbor', 'viper']"
nanno,"['cypher', 'viper', 'chamber']"
ennui,"['raze', 'jett']"
aurelia,"['viper', 'killjoy', 'cypher']"
Waka,['jett']
E11ie,"['raze', 'jett', 'omen']"
seal,"['sova', 'deadlock', 'astra']"
Vea,"['omen', 'brimstone']"
Myneko,['raze']
Calvrix,"['cypher', 'killjoy', 'yoru']"
Evie,"['killjoy', 'cypher', 'sova']"
PreTaxMicrob,"['killjoy', 'gekko', 'breach']"
chip,"['omen', 'viper', 'yoru']"
Car,"['killjoy', 'cypher']"
Angel,"['gekko', 'skye', 'kayo']"
Logic,"['brimstone', 'omen', 'viper']"
Aniemal,"['killjoy', 'viper', 'cypher']"
sadeel,['omen']
rikka,"['omen', 'raze', 'clove']"
Esub9,"['skye', 'gekko']"
elysiu,"['killjoy', 'cypher']"
Pyro,"['viper', 'deadlock', 'fade']"
drea,"['yoru', 'raze', 'jett']"
freelilly,['killjoy']
trushi,"['cypher', 'killjoy']"
ketarys,"['killjoy', 'brimstone', 'viper']"
bunnybee,"['fade', 'jett', 'kayo']"
aria,"['kayo', 'omen', 'sage']"
svv,"['killjoy', 'cypher', 'deadlock']"
caya1,"['brimstone', 'omen', 'sova']"
Sekkya,"['skye', 'kayo', 'fade']"
wlloh,"['killjoy', 'cypher', 'viper']"
riv,"['killjoy', 'cypher', 'viper']"
stupidseal9,"['cypher', 'killjoy']"
apple,"['omen', 'brimstone', 'killjoy']"
cait,"['viper', 'fade', 'breach']"
venus,"['raze', 'neon', 'jett']"
moni,"['viper', 'omen', 'cypher']"
paper,"['sova', 'fade']"
Stay,"['raze', 'reyna', 'jett']"
ShelbyLynn,"['killjoy', 'cypher']"
jessenia,['killjoy']
zoe,['sova']
Kestrel,"['kayo', 'gekko', 'raze']"
auraless,"['jett', 'raze']"
upset,"['raze', 'jett']"
JunaFour,"['viper', 'skye']"
cia,"['omen', 'clove']"
Kross,"['skye', 'breach', 'gekko']"
jid,"['sage', 'omen', 'viper']"
Unsane,"['killjoy', 'cypher', 'gekko']"
Jas,"['cypher', 'chamber', 'killjoy']"
Nyx,"['yoru', 'raze', 'killjoy']"
always,"['omen', 'brimstone', 'viper']"
Clocracy,"['omen', 'brimstone', 'viper']"
zev,"['raze', 'jett', 'neon']"
ShreyUwU,"['viper', 'gekko', 'sova']"
Zoue,"['viper', 'killjoy', 'omen']"
Biffy,"['skye', 'breach', 'astra']"
emi,"['killjoy', 'cypher']"
julia,"['sova', 'skye', 'gekko']"
kim,"['sova', 'skye']"
lmaojen,"['raze', 'jett', 'sova']"
sunrise,"['breach', 'skye', 'harbor']"
Phoxic,"['omen', 'skye']"
Celeste,"['jett', 'raze', 'yoru']"
shay,"['cypher', 'sova']"
sher,"['breach', 'sage', 'gekko']"
asuya,"['omen', 'viper']"
Sliicyy,"['raze', 'neon']"
deejay,"['jett', 'clove', 'raze']"
Andrea,"['viper', 'omen']"
ira,"['viper', 'breach', 'gekko']"
Momo,"['raze', 'fade']"
Coax,"['gekko', 'sova', 'harbor']"
des,"['killjoy', 'raze']"
stay,"['sova', 'raze']"
Huga,"['fade', 'viper', 'sova']"
tzu,"['reyna', 'raze']"
enderz,"['yoru', 'raze', 'jett']"
Bells,"['sova', 'viper', 'kayo']"
SamBam,"['cypher', 'killjoy']"
Risorah,"['kayo', 'breach', 'raze']"
aster,['sova']
alyssayye,"['killjoy', 'viper', 'cypher']"
AnnieEgo,"['astra', 'omen', 'brimstone']"
Aurorali,"['omen', 'brimstone']"
cohs,"['sova', 'skye', 'harbor']"
Tortian,"['omen', 'brimstone']"
nexes,"['raze', 'jett']"
Spooky,"['cypher', 'killjoy', 'raze']"
MAYYY,"['raze', 'cypher', 'viper']"
MochiMei,"['omen', 'astra']"
shin,['killjoy']
hyessica,['skye']
grimoire,"['viper', 'skye', 'jett']"
Vex,"['skye', 'gekko', 'sova']"
abbie2k,"['jett', 'cypher', 'raze']"
geri,"['omen', 'killjoy']"
svnny,"['breach', 'kayo', 'viper']"
FAIRY,['clove']
oranges,"['cypher', 'killjoy', 'deadlock']"
sxaph,"['raze', 'cypher', 'jett']"
partisan,"['kayo', 'skye', 'breach']"
rover,"['breach', 'sova', 'viper']"
speq,"['fade', 'kayo', 'breach']"
D3pr3ssion,['jett']
Neeish,"['clove', 'harbor', 'omen']"
Ames,"['gekko', 'breach', 'kayo']"
mintea,"['killjoy', 'cypher']"
harosir,"['breach', 'gekko', 'kayo']"
unfeel,"['breach', 'gekko', 'sova']"
overdose,"['killjoy', 'chamber', 'brimstone']"
evxl,"['viper', 'cypher']"
angie,"['jett', 'raze']"
Buhms,"['breach', 'skye', 'sova']"
cloudzzy,"['skye', 'breach', 'kayo']"
jellyfish,"['fade', 'kayo']"
pancake,"['killjoy', 'sova', 'skye']"
light,"['brimstone', 'omen']"
velma,['breach']
Slug,"['skye', 'gekko']"
April,['sova']
miau,"['omen', 'brimstone']"
mogurt,"['gekko', 'brimstone']"
Dig,"['omen', 'clove']"
Jay,['omen']
Sunny,"['cypher', 'killjoy']"
Gia,"['sova', 'skye', 'breach']"
sayon,"['skye', 'breach', 'omen']"
viyuu,"['kayo', 'sage', 'gekko']"
jocuS,"['viper', 'skye', 'breach']"
Para,"['gekko', 'skye']"
Xylandir,"['sova', 'brimstone', 'fade']"
leelee,"['skye', 'breach', 'sova']"
miniboss,"['harbor', 'astra', 'brimstone']"
atoki,"['viper', 'omen']"
Hyungwonho,"['viper', 'brimstone', 'omen']"
Aebix,"['cypher', 'omen', 'brimstone']"
big,"['sova', 'breach']"
phrog,['raze']
aki,"['breach', 'omen']"
emma,"['omen', 'harbor']"
SadLiii,"['cypher', 'skye']"
notamy,"['cypher', 'killjoy']"
aus,"['yoru', 'gekko', 'breach']"
jia,['jett']
spidey,"['cypher', 'sova']"
bitty,"['omen', 'clove', 'viper']"
Slewpy,"['omen', 'astra']"
jenny,"['brimstone', 'omen']"
ekoopy,"['gekko', 'kayo']"
vera,"['killjoy', 'viper', 'neon']"
sheween,"['gekko', 'cypher', 'fade']"
Psyncc,"['viper', 'astra', 'raze']"
Mekyiz,"['jett', 'fade']"
hanthrax,['killjoy']
Ash,"['raze', 'neon']"
tracy,"['fade', 'omen', 'kayo']"
chimken,"['cypher', 'brimstone']"
Wendigo,"['neon', 'jett', 'yoru']"
Vibing,"['raze', 'jett', 'omen']"
kayvzz,"['raze', 'jett']"
Nymfelie,"['raze', 'jett']"
popcorinna,"['viper', 'omen']"
MrWhiskers,['neon']
tom1e,"['omen', 'brimstone', 'gekko']"
queebae,"['astra', 'viper', 'reyna']"
Daki,"['viper', 'omen', 'brimstone']"
urinals,"['brimstone', 'astra', 'omen']"
jaleena,"['omen', 'harbor', 'cypher']"
blondesh,"['kayo', 'skye']"
Luna1,"['gekko', 'sova', 'neon']"
mochs,"['harbor', 'omen']"
Esub12,"['killjoy', 'cypher']"
Angle,"['sage', 'viper', 'breach']"
momo,"['fade', 'sova']"
matchai,"['harbor', 'cypher', 'killjoy']"
Allyora,"['jett', 'raze', 'breach']"
anie,"['astra', 'sage']"
Lucid,"['viper', 'sova']"
Frootcuhp,"['skye', 'viper']"
lyla,"['breach', 'kayo', 'harbor']"
Kiiromine,"['raze', 'jett', 'neon']"
hannah,"['omen', 'fade', 'sova']"
Alexa,['sova']
Sunden,"['viper', 'sova', 'gekko']"
Obskury,"['omen', 'sova', 'cypher']"
inthemood,"['sova', 'raze']"
Luna,"['gekko', 'raze']"
lovelyn,"['raze', 'jett']"
ARIANARCHIST,"['skye', 'breach']"
mosu,"['gekko', 'sova']"
dire,"['killjoy', 'omen']"
taylorvi,['breach']
juls,"['jett', 'raze']"
smolbananya,"['gekko', 'killjoy', 'cypher']"
Dazai,['sova']
tiffy,"['sova', 'brimstone']"
DvckyC,"['breach', 'skye']"
sleepy,"['omen', 'viper']"
My200Ping,"['killjoy', 'fade', 'cypher']"
Tia,"['skye', 'kayo']"
Toishi,"['omen', 'kayo']"
0megara,"['breach', 'sova']"
katwnotail,"['killjoy', 'skye']"
sasha,['raze']
Fall,"['kayo', 'fade']"
lylac,['raze']
boopie,"['harbor', 'viper', 'gekko']"
beila,"['breach', 'kayo']"
taciturn,"['cypher', 'killjoy']"
buoy,"['gekko', 'brimstone']"
Ciielo,"['jett', 'raze']"
sakura,"['sova', 'breach']"
miya,"['cypher', 'killjoy']"
Glaceon,"['omen', 'viper']"
banjo,"['viper', 'fade', 'gekko']"
ceno,"['jett', 'raze', 'clove']"
vanessa,"['cypher', 'killjoy']"
jenn,"['killjoy', 'cypher']"
luna,"['raze', 'omen']"
shayellow,['viper']
TokiVCT,"['skye', 'sova']"
esoyboy,"['viper', 'skye']"
Vania,"['omen', 'viper', 'harbor']"
Lyépa,"['gekko', 'kayo', 'omen']"
Panadera,['sova']
weyvcode,['raze']
Jade,"['omen', 'kayo', 'breach']"
ChloePrice,"['yoru', 'sova']"
LoraFPS,"['raze', 'jett']"
mads,"['raze', 'jett']"
kidziax,"['phoenix', 'harbor']"
Joliinaa,"['omen', 'astra', 'viper']"
Janna,"['brimstone', 'viper', 'omen']"
Akita,"['reyna', 'phoenix', 'jett']"
rezq,"['raze', 'jett', 'yoru']"
ness,"['killjoy', 'cypher', 'kayo']"
Lil,"['omen', 'brimstone', 'viper']"
fluxxy,"['breach', 'cypher', 'killjoy']"
mimi,"['breach', 'brimstone', 'gekko']"
anesilia,"['skye', 'fade', 'sova']"
happy,"['breach', 'killjoy', 'fade']"
winter,"['fade', 'sova']"
Thuy,"['omen', 'viper', 'brimstone']"
jduh,"['fade', 'astra', 'sova']"
mediKa,"['sova', 'breach', 'kayo']"
Laleh,"['gekko', 'sage', 'sova']"
bee,"['killjoy', 'viper', 'cypher']"
aNNja,"['jett', 'raze', 'reyna']"
SendyClaire,"['cypher', 'killjoy']"
LizA,"['killjoy', 'cypher', 'viper']"
Anva,"['viper', 'gekko', 'killjoy']"
Bobbiexo,"['killjoy', 'cypher', 'brimstone']"
DREAM,"['viper', 'omen', 'killjoy']"
sillydomi,"['brimstone', 'omen', 'clove']"
klaudia,"['kayo', 'breach']"
Xaline,"['cypher', 'deadlock', 'killjoy']"
Glance,"['omen', 'sova', 'breach']"
Ayaka,"['breach', 'gekko']"
ritsu,"['killjoy', 'cypher', 'chamber']"
amy,"['cypher', 'killjoy', 'viper']"
moshieroo,"['fade', 'kayo', 'breach']"
kv7m,"['omen', 'viper', 'brimstone']"
ja2,"['raze', 'neon', 'jett']"
onna,"['sova', 'breach']"
mai,"['sova', 'fade', 'breach']"
astrixe,"['cypher', 'killjoy']"
Valone,"['neon', 'jett', 'raze']"
PuriTy,"['fade', 'gekko', 'omen']"
Smurfette,"['jett', 'raze', 'neon']"
xanti,"['brimstone', 'omen']"
xKittyx,"['jett', 'killjoy', 'raze']"
star,"['jett', 'raze', 'neon']"
els,"['viper', 'raze', 'jett']"
Alessia,"['jett', 'chamber', 'killjoy']"
Lateu,"['deadlock', 'omen', 'sova']"
ellie,"['jett', 'raze', 'neon']"
Lunaw0w,"['breach', 'sova']"
Pinkalie,"['omen', 'skye', 'viper']"
Kira,"['jett', 'neon', 'raze']"
Leyre,"['astra', 'omen', 'harbor']"
Petra,"['fade', 'sova', 'reyna']"
Sliicyy,"['yoru', 'breach', 'kayo']"
Wens,"['killjoy', 'cypher', 'viper']"
Miyori,"['sova', 'fade', 'viper']"
susbake,"['sage', 'deadlock', 'sova']"
Julis,"['brimstone', 'cypher', 'omen']"
devilasxa,"['breach', 'kayo', 'gekko']"
Jiex,"['jett', 'raze', 'kayo']"
rekohi,"['sova', 'fade']"
Lady,"['raze', 'jett']"
Scarlett,['jett']
ira,['brimstone']
blxssom,"['gekko', 'sova', 'skye']"
Karina,"['killjoy', 'viper', 'cypher']"
PeterBarker,"['skye', 'kayo', 'breach']"
safiaa,"['cypher', 'omen', 'chamber']"
Lizz,['breach']
taraaaaaaaaaaaaa,"['neon', 'raze', 'iso']"
ylva,"['phoenix', 'viper']"
Addi,"['raze', 'neon', 'yoru']"
Nelo,"['killjoy', 'cypher', 'skye']"
Annie,"['raze', 'neon', 'jett']"
etn,"['raze', 'cypher']"
noze,"['killjoy', 'cypher', 'viper']"
OlczaOlcia,"['astra', 'skye']"
Kreya,"['yoru', 'cypher', 'omen']"
schnellÆ,"['jett', 'raze', 'yoru']"
Nidxvilco,"['viper', 'fade', 'deadlock']"
jademwah,"['sova', 'kayo', 'breach']"
may,"['raze', 'reyna', 'cypher']"
kyracujoh,"['raze', 'jett']"
juxi,"['jett', 'raze']"
didii,"['breach', 'kayo', 'skye']"
Lami,"['sova', 'fade', 'gekko']"
Sephia,"['skye', 'kayo', 'phoenix']"
Puffy,"['jett', 'raze']"
BySmall,"['sova', 'gekko', 'sage']"
Gem,"['killjoy', 'cypher', 'viper']"
F4INT,['sova']
Nami,"['omen', 'viper', 'gekko']"
alkyia,"['sova', 'fade', 'raze']"
Marti,"['kayo', 'phoenix', 'gekko']"
roxi,"['sage', 'raze', 'cypher']"
MOOP,"['brimstone', 'sova']"
Lyda,"['raze', 'jett', 'neon']"
sarah,"['kayo', 'breach', 'skye']"
Lokkara,"['viper', 'killjoy', 'cypher']"
Natalcia,"['cypher', 'killjoy', 'viper']"
arya,['gekko']
Mym,"['cypher', 'killjoy', 'viper']"
Miiizzy,"['kayo', 'deadlock', 'viper']"
elysian,"['raze', 'skye', 'sova']"
proxima,"['omen', 'viper', 'skye']"
ikyoo,"['jett', 'raze', 'breach']"
jasmine,['jett']
Felipa,"['kayo', 'breach', 'skye']"
gaaAAB,"['skye', 'kayo', 'breach']"
Koyorii,['omen']
berryx,['breach']
tokameite,"['sova', 'skye', 'viper']"
Desi,"['phoenix', 'skye', 'breach']"
lenka,"['killjoy', 'cypher', 'brimstone']"
mimier,['sova']
adora,"['reyna', 'raze', 'jett']"
xenia,"['breach', 'sova', 'viper']"
Dorie,"['cypher', 'killjoy']"
Hannah,"['clove', 'harbor']"
Kuripuuya,"['viper', 'omen', 'astra']"
Nescargot,"['cypher', 'killjoy', 'omen']"
Cazuuu,['kayo']
Kaha,"['astra', 'skye', 'kayo']"
AleDa,"['killjoy', 'cypher', 'viper']"
Viv,"['omen', 'astra']"
ninzakar,"['skye', 'breach']"
strahlen,"['skye', 'breach', 'omen']"
MayaMeow,"['kayo', 'reyna']"
Koneko,"['skye', 'breach', 'jett']"
Renestein,['omen']
bellatr1x,"['harbor', 'kayo', 'viper']"
Neli,"['sova', 'gekko', 'skye']"
majusia,"['skye', 'viper', 'raze']"
6sonya,"['sova', 'fade', 'skye']"
KXoma,"['skye', 'breach', 'kayo']"
ginger,"['cypher', 'killjoy', 'brimstone']"
leeni,"['raze', 'jett', 'breach']"
Serena,"['sova', 'gekko', 'sage']"
speedowka,"['skye', 'breach', 'kayo']"
Harmonee,"['sova', 'skye', 'fade']"
Ralbai,"['omen', 'viper']"
pics,"['breach', 'kayo']"
taromie,"['killjoy', 'omen', 'brimstone']"
juliette,"['breach', 'kayo']"
Ninou,"['breach', 'kayo', 'skye']"
auri,"['cypher', 'killjoy', 'viper']"
matrix,"['raze', 'jett', 'neon']"
lirowe,"['killjoy', 'cypher']"
Gianta,"['omen', 'viper', 'cypher']"
T4C,['breach']
LokiPro,"['astra', 'clove']"
Flora,"['gekko', 'omen']"
Alicita,"['brimstone', 'viper', 'omen']"
aiko,['breach']
LiriLia,"['breach', 'astra', 'gekko']"
Looxie,"['sova', 'viper', 'omen']"
Flawless,"['gekko', 'fade']"
Venn,"['fade', 'breach']"
Thykuza,"['jett', 'raze']"
Lil,['breach']
riri,"['sova', 'breach']"
door,"['raze', 'jett']"
Dior,"['viper', 'omen']"
ASSIMETRIA,"['skye', 'sova', 'omen']"
Mel,"['omen', 'brimstone', 'viper']"
Niiko,"['killjoy', 'cypher']"
Mali,"['jett', 'raze']"
Blossi,"['viper', 'omen', 'astra']"
Loupiote,"['skye', 'sova', 'gekko']"
Nina,['omen']
Juja,"['omen', 'astra', 'viper']"
angelka,"['omen', 'jett', 'brimstone']"
Marie,"['cypher', 'killjoy']"
Mais,"['cypher', 'fade', 'sova']"
Luzia,"['kayo', 'breach', 'astra']"
meryl,"['gekko', 'skye', 'breach']"
Noemium,"['raze', 'jett', 'yoru']"
Agla,"['gekko', 'harbor', 'sova']"
Salty,"['sova', 'astra', 'viper']"
NAKSU,"['raze', 'jett', 'yoru']"
Cla,"['jett', 'raze']"
Aiki,"['gekko', 'viper', 'killjoy']"
er1no,"['cypher', 'viper']"
Vivi,"['iso', 'raze', 'jett']"
Iczy,"['viper', 'omen', 'brimstone']"
cataLina,"['breach', 'kayo', 'omen']"
Sylva,"['kayo', 'breach', 'harbor']"
sleepy,"['astra', 'killjoy', 'omen']"
alucaraa,"['raze', 'sova']"
eggy,"['omen', 'breach', 'sova']"
Janevra,"['reyna', 'cypher']"
inari,"['kayo', 'breach', 'skye']"
n4la,"['omen', 'killjoy', 'sova']"
juls,['sova']
JaddeWP,"['cypher', 'killjoy']"
microwaved,"['clove', 'viper']"
rena,"['cypher', 'viper', 'chamber']"
sia,"['viper', 'killjoy', 'sova']"
AsuKa,"['killjoy', 'cypher']"
natz,['breach']
Nariel,"['jett', 'raze']"
Chiyoko,"['omen', 'killjoy']"
Samsi,"['killjoy', 'cypher']"
Mon,"['omen', 'brimstone', 'cypher']"
Syllene,"['cypher', 'reyna', 'killjoy']"
Lexa,"['sova', 'skye', 'fade']"
selin,"['killjoy', 'cypher']"
Eluny,"['omen', 'killjoy']"
zaina,"['breach', 'skye']"
sae2,"['viper', 'omen']"
melloney,"['killjoy', 'omen', 'deadlock']"
mimi,"['omen', 'sage', 'breach']"
lily,"['sova', 'viper', 'omen']"
gracelyn,"['viper', 'omen']"
Potato,"['reyna', 'jett', 'cypher']"
B3AUTIFUL,['breach']
yua,"['brimstone', 'viper', 'omen']"
lilHass,['breach']
Elisa,"['omen', 'phoenix']"
Cille,"['omen', 'viper', 'brimstone']"
yukina,"['sova', 'raze', 'reyna']"
Duuuda,"['breach', 'sova', 'fade']"
froanzi,"['cypher', 'yoru']"
Tretli,"['sova', 'sage', 'breach']"
SUPERPHROG,"['skye', 'gekko', 'raze']"
Ixela,"['omen', 'kayo', 'astra']"
Effy,"['deadlock', 'harbor']"
nugget,['cypher']
miya,['omen']
sofia,"['killjoy', 'cypher', 'omen']"
heartlxss,"['fade', 'jett']"
Llia,"['cypher', 'killjoy']"
Raina,"['sova', 'omen']"
Rea,['sova']
Julie,"['sova', 'skye', 'omen']"
Meganee,['jett']
Anka,['raze']
Satana,"['jett', 'raze']"
Sunshiny,"['raze', 'jett', 'yoru']"
Yashi,"['omen', 'viper', 'deadlock']"
mavi,"['omen', 'brimstone', 'killjoy']"
Alora,"['breach', 'kayo', 'gekko']"
sinommi,['cypher']
Sidra,"['raze', 'jett', 'omen']"
Lilith,"['breach', 'raze']"
Deria,"['kayo', 'breach']"
Shura,"['jett', 'raze', 'chamber']"
Zoe,['raze']
Ara,"['viper', 'harbor']"
Chrissy,"['jett', 'raze']"
BabaRoga,"['jett', 'raze']"
Nora,['jett']
flora,"['raze', 'jett', 'neon']"
neon,"['cypher', 'killjoy']"
Meloxy,['omen']
bloom,['omen']
Mini,"['cypher', 'killjoy']"
bubu,"['omen', 'viper', 'deadlock']"
oceyy,['omen']
mirai,"['sova', 'omen']"
s4lmon,"['gekko', 'breach']"
cloudy,"['skye', 'breach']"
Dina,"['raze', 'jett']"
riviéra,['omen']
Narcius,"['viper', 'omen']"
Lissu,"['breach', 'fade', 'sova']"
Redara,['breach']
Axuspes,['jett']
zeyzey,"['jett', 'neon', 'raze']"
3,['clove']
mous1e,['raze']
evyy,['breach']
niciplesss,['cypher']
Valyyrian,"['jett', 'raze', 'neon']"
jumi,"['cypher', 'harbor']"
hruslin,['breach']
Miyu,"['viper', 'omen']"
Saara,['jett']
Ayaèrna,['sova']
Darum0n,"['gekko', 'sova']"
tessko,['raze']
Joanne,"['astra', 'cypher']"
Nahashi,"['omen', 'brimstone']"
xsa,"['omen', 'viper']"
Donut,['killjoy']
iSH444,['sova']
Nia,['skye']
mayaxyz,"['breach', 'sova']"
nina,['raze']
CanhOo,['cypher']
Bqbep,"['gekko', 'omen']"
Visnetaa,"['breach', 'kayo']"
Ninni,"['raze', 'jett']"
miyo,['omen']
June,"['cypher', 'killjoy']"
zara,"['chamber', 'jett', 'killjoy']"
ryota,"['sova', 'viper']"
bananam1lf,"['viper', 'kayo']"
wewobepbop,"['cypher', 'killjoy']"
yeki,"['killjoy', 'sage']"
Arshiel,"['phoenix', 'jett']"
Yupina,"['raze', 'jett']"
YENRU,"['gekko', 'breach']"
IKU,"['jett', 'skye']"
Sara,"['sova', 'omen']"
Raizeen,"['cypher', 'breach']"
VojixeN,"['cypher', 'killjoy']"
Misa,['raze']
Egg,"['brimstone', 'omen']"
dayl1na,"['breach', 'raze']"
Ayuu,['omen']
lngly,['cypher']
kazemaru,"['gekko', 'sage', 'breach']"
Maya,['gekko']
zdee,['omen']
sislanamis,"['sova', 'skye']"
niroque,['cypher']
xXcorpioXx,"['fade', 'yoru']"
anezk,"['gekko', 'sova', 'omen']"
sericeu,"['omen', 'viper']"
empafi,['gekko']
MoniOvess,"['cypher', 'kayo']"
alide,"['raze', 'sova']"
Ch1quita,"['omen', 'brimstone']"
Len,"['skye', 'fade']"
skar,"['cypher', 'killjoy']"
Seraphena,"['sova', 'gekko']"
Amarneth,"['sage', 'skye', 'breach']"
Starkista,"['astra', 'omen']"
thmariam,"['jett', 'viper']"
wambini,"['breach', 'kayo']"
ATA,['cypher']
witch,"['kayo', 'sova']"
LuLu,"['skye', 'breach']"
Yusin,"['viper', 'omen']"
JinNy,"['fade', 'breach']"
Muffyn,"['raze', 'neon', 'jett']"
Laiyin,"['brimstone', 'cypher']"
1hp,"['gekko', 'sova']"
bambi,"['sova', 'brimstone']"
alyssa,['cypher']
X1aoWen,"['iso', 'breach', 'raze']"
7er,"['omen', 'gekko']"
Elina,"['neon', 'deadlock']"
Alexy,"['raze', 'jett', 'omen']"
shirazi,"['killjoy', 'viper', 'cypher']"
kyosukeG,"['killjoy', 'cypher', 'jett']"
Cina,['jett']
Kamiyu,"['skye', 'omen', 'gekko']"
enerii,"['reyna', 'skye', 'gekko']"
elfie,"['phoenix', 'reyna', 'jett']"
natty,"['jett', 'raze']"
Babytz,"['phoenix', 'cypher', 'neon']"
eiei,['gekko']
katalover,"['cypher', 'killjoy']"
Bless,"['cypher', 'killjoy', 'chamber']"
mandu,"['jett', 'yoru', 'phoenix']"
Chloettw,"['killjoy', 'cypher', 'clove']"
Kon,"['sage', 'clove', 'sova']"
grahams,"['gekko', 'skye', 'reyna']"
Cendary,['clove']
Japips,"['breach', 'fade', 'sova']"
yuri,"['clove', 'killjoy', 'cypher']"
Kohaibi,"['brimstone', 'sova', 'iso']"
Pretzel,"['cypher', 'killjoy']"
Micro,"['omen', 'reyna', 'jett']"
PIETY,"['gekko', 'breach', 'kayo']"
bittersweet,"['viper', 'omen']"
JinNy,"['omen', 'astra', 'breach']"
Hanuh,"['omen', 'raze', 'jett']"
Jww,"['jett', 'reyna']"
BACON,"['breach', 'jett']"
Ayumiii,"['deadlock', 'raze', 'yoru']"
annyyuu,"['brimstone', 'clove', 'omen']"
zini,"['kayo', 'gekko', 'sova']"
minute,['raze']
Karin,"['killjoy', 'reyna']"
Tweeya,"['clove', 'viper', 'raze']"
klangngaiz,"['raze', 'jett']"
pp,"['omen', 'cypher']"
Rizzy,"['killjoy', 'cypher']"
kitkatwc,"['killjoy', 'skye', 'cypher']"
lunah,"['fade', 'sova', 'skye']"
bailey,"['gekko', 'sova']"
tess,"['cypher', 'killjoy', 'skye']"
Dau,['raze']
pannyx,"['fade', 'brimstone', 'omen']"
Alluka,"['sage', 'breach', 'brimstone']"
MicroBrilk,"['sova', 'phoenix']"
Muffyn,"['jett', 'raze']"
Bugsy,"['brimstone', 'viper', 'omen']"
izze,"['gekko', 'killjoy', 'cypher']"
Angela,"['raze', 'jett']"
Tara,"['omen', 'cypher', 'killjoy']"
Rice,"['breach', 'skye', 'yoru']"
Sampphire,"['viper', 'sova', 'gekko']"
Poly,"['viper', 'iso', 'omen']"
Makchin,"['reyna', 'raze', 'jett']"
rosey,"['omen', 'viper']"
Felce,"['sova', 'gekko', 'fade']"
Jia,"['omen', 'viper']"
1001,"['omen', 'brimstone', 'clove']"
sawamura,"['raze', 'jett', 'neon']"
Twirly,"['killjoy', 'reyna', 'viper']"
hannie,"['sova', 'fade', 'gekko']"
celeste,"['raze', 'reyna']"
lumieexy,['gekko']
DelBisky,"['raze', 'jett', 'clove']"
biubiu,['killjoy']
Tinkerbell,"['raze', 'neon']"
KEI,['killjoy']
Coyote,"['raze', 'jett']"
eluwu,"['raze', 'jett']"
shina,"['chamber', 'cypher', 'killjoy']"
starriebun,"['omen', 'viper', 'brimstone']"
Rudys,"['breach', 'skye', 'sova']"
Newky,"['yoru', 'reyna', 'phoenix']"
CaspeR,"['sova', 'omen', 'skye']"
Mikkasie,"['omen', 'raze']"
olulu,"['skye', 'breach']"
ArinJi,"['raze', 'gekko', 'omen']"
kenhlong,['viper']
Aisling,"['killjoy', 'sova', 'skye']"
dwepii,"['viper', 'cypher']"
mmoopingx,"['fade', 'sova', 'viper']"
Envious,"['harbor', 'jett', 'omen']"
Sachi,['jett']
babykiwii,"['killjoy', 'cypher']"
Naturale,"['sova', 'breach', 'jett']"
CombatBby,"['killjoy', 'cypher', 'sage']"
nenuay,"['omen', 'clove']"
QiQi,"['killjoy', 'viper']"
AhMei,"['breach', 'skye', 'viper']"
Cakey,"['raze', 'jett']"
Lizchaaan,"['jett', 'raze', 'kayo']"
Jelerak,"['kayo', 'brimstone', 'sage']"
capybara,"['jett', 'raze']"
shirah0sh1,"['killjoy', 'reyna', 'cypher']"
Mimo,"['killjoy', 'cypher']"
Freyaaa,['cypher']
Amy,"['viper', 'breach', 'gekko']"
zaza,['raze']
Tu,['jett']
Tub,"['gekko', 'omen', 'raze']"
Akemi,"['brimstone', 'omen']"
cr0w,"['raze', 'reyna']"
Marpandyz,"['sova', 'skye', 'fade']"
jayjibjib,"['cypher', 'killjoy']"
Kathrina,"['gekko', 'skye', 'sova']"
Kachow,"['omen', 'reyna', 'breach']"
Ivory,"['sova', 'chamber', 'omen']"
Heather,"['sova', 'skye', 'breach']"
metawiN,"['gekko', 'skye', 'kayo']"
Arki,"['breach', 'cypher', 'omen']"
Cherzinga,"['omen', 'brimstone']"
Tayrawr,['skye']
Zeijou,"['skye', 'breach']"
kikowo,"['kayo', 'breach', 'yoru']"
yokonomiyaki,"['jett', 'omen', 'viper']"
IrisBell,"['skye', 'omen']"
Harue,"['omen', 'astra']"
Kathryn,"['omen', 'sage', 'killjoy']"
cjsakura,"['viper', 'omen', 'brimstone']"
miimu,"['brimstone', 'breach']"
Ju,"['cypher', 'omen']"
69Shinobu,"['reyna', 'brimstone', 'clove']"
Mauvaiz,"['skye', 'gekko', 'sova']"
Dyummy,"['breach', 'kayo', 'fade']"
Jingji,"['sova', 'gekko']"
yaamorii,"['killjoy', 'omen', 'sova']"
5555555,['killjoy']
syd89,"['omen', 'brimstone', 'kayo']"
yuchan,"['gekko', 'breach', 'raze']"
PapiKaBoO,"['sova', 'skye']"
Boli,"['raze', 'jett']"
Exequies,"['omen', 'reyna', 'viper']"
fowy,['omen']
venti,"['jett', 'raze']"
Yanni,"['yoru', 'raze', 'omen']"
Lily,"['omen', 'fade', 'sova']"
toffywoffy,"['breach', 'sova', 'fade']"
Taryn,"['jett', 'raze']"
Pua,"['sova', 'gekko']"
Noxy,['jett']
Mysti,['jett']
fanie,['sova']
Paedy,"['yoru', 'sova']"
rie,"['reyna', 'clove']"
phi,"['viper', 'cypher', 'sova']"
M4RINE,"['viper', 'omen']"
kira,"['killjoy', 'cypher']"
Rinn,"['jett', 'viper', 'breach']"
Choux,"['breach', 'cypher']"
YinWa,"['deadlock', 'cypher']"
Mayuri,"['kayo', 'astra', 'gekko']"
May,['cypher']
StrwbryBagel,"['cypher', 'sova']"
Gu1,"['gekko', 'sova']"
Eternity,"['sova', 'gekko']"
bella,"['sova', 'gekko', 'skye']"
Aponyo,"['brimstone', 'omen']"
PoponyMG,"['fade', 'gekko']"
KuroNeko,"['jett', 'raze']"
Eowyn,"['omen', 'harbor']"
fimoli,"['breach', 'deadlock']"
Pigruto,"['sova', 'killjoy', 'cypher']"
pinnyvbvb,"['sova', 'omen']"
parii,"['breach', 'gekko']"
sasheme,['killjoy']
Alice,"['jett', 'gekko']"
yyuririi,['omen']
choco,"['jett', 'kayo']"
NuppleBruh,"['omen', 'brimstone']"
nagisa,"['raze', 'killjoy']"
kenjo,"['gekko', 'sova']"
BuubuuCute,"['sova', 'raze']"
churros,"['kayo', 'sage']"
pinga,['jett']
shayweeee,"['breach', 'viper']"
monno,"['omen', 'viper']"
moira,"['brimstone', 'omen']"
nami,"['jett', 'viper']"
Chowder,['cypher']
Sly,['jett']
jigglyput,"['sova', 'killjoy']"
Miss,"['cypher', 'sage']"
FireBallOps,"['killjoy', 'cypher']"
Sev3nMephur,['killjoy']
Promtubtim,['raze']
Beelloo,['killjoy']
PorMOHO,['skye']
Merlindz,['breach']
G4RRICK,['omen']
altG,['phoenix']
Kneeke,['fade']
SAHARAT,['brimstone']
RayberQ,['fade']
Smiley,['omen']
Abdullah,['jett']
Kimchi,"['raze', 'jett']"
cookie,"['cypher', 'sova']"
miri,"['breach', 'reyna']"
BlissfulDeer,"['omen', 'killjoy']"
jaidenbang,"['viper', 'kayo']"
hyun,"['killjoy', 'omen']"
gogi,"['skye', 'killjoy']"
Devie,"['raze', 'yoru']"
go1den7,"['omen', 'brimstone']"
Smisek,['viper']
sh1nodiii,['jett']
Le0NyX,"['sova', 'skye']"
dnmsl,"['viper', 'killjoy']"
Escalon,"['reyna', 'raze']"
SeeKaaaahh,"['brimstone', 'sova']"
karim,"['viper', 'sova']"
Hibui,"['astra', 'harbor']"
Rex,"['viper', 'killjoy']"
Suda,['raze']
Stray,"['raze', 'jett']"
Precyse,"['skye', 'killjoy']"
hunar,"['fade', 'sova']"
Goat,"['cypher', 'reyna']"
toki,"['brimstone', 'omen']"
luna,"['astra', 'omen']"
zone,"['killjoy', 'kayo']"
night,"['gekko', 'harbor']"
Cole,['skye']
Coastin,"['jett', 'killjoy']"
Sujbubby,"['brimstone', 'omen']"
pchu,['viper']
Shoutstar,"['cypher', 'brimstone']"
xayyff,['raze']
kSEBIRT,"['omen', 'yoru']"
REODANGER,['skye']
ZaL,['viper']
surfer,"['killjoy', 'cypher']"
Silky,['jett']
juice,"['killjoy', 'cypher']"
Panda,"['viper', 'omen']"
Fuazy,"['deadlock', 'gekko']"
Jacob,"['kayo', 'raze']"
Shalzyridzio,"['astra', 'omen']"
Nura,['breach']
leen,"['jett', 'neon']"
ars,"['gekko', 'skye']"
vasperal,['cypher']
vader,"['jett', 'raze']"
z2w,"['jett', 'killjoy']"
Frosty,"['cypher', 'killjoy']"
69420,['omen']
Truu,"['viper', 'raze']"
Cosmoh,"['omen', 'fade']"
avien,"['viper', 'killjoy']"
Sakusa,"['raze', 'jett']"
bam,['raze']
Intu,"['raze', 'omen']"
Leone,"['astra', 'omen']"
yuno,"['skye', 'sage']"
Neptune,"['killjoy', 'cypher']"
PokerFace,"['omen', 'viper']"
hyelpzera,"['viper', 'sova']"
shimoda,"['fade', 'kayo']"
bray,['raze']
scars,"['breach', 'gekko']"
deeegs,"['viper', 'omen']"
iudex,"['omen', 'viper']"
Evade,"['jett', 'raze']"
tora,['sova']
kaljus99,"['sova', 'chamber']"
klippA,"['gekko', 'killjoy']"
Jes2k,['omen']
reke,"['killjoy', 'cypher']"
y0DISH,"['chamber', 'jett']"
Teltta,['breach']
cigik,"['breach', 'sova']"
olifai,"['jett', 'raze']"
Akane,['viper']
Lore,"['jett', 'skye']"
haw,"['killjoy', 'brimstone']"
ShuXz,"['reyna', 'raze']"
mnemonic,"['omen', 'brimstone']"
Generic,"['raze', 'jett']"
Fast,"['breach', 'sage']"
Brietz,"['killjoy', 'viper']"
Yhwach,"['breach', 'skye']"
RangerJ,"['omen', 'killjoy']"
Bavian,"['sova', 'viper']"
SkyyZ,"['cypher', 'killjoy']"
Kuso,['omen']
Benderr,"['omen', 'breach']"
NUTHIOM,"['gekko', 'sova']"
beeb,"['killjoy', 'jett']"
tsalad,"['sova', 'viper']"
kz,['neon']
ArKaDiX,"['sova', 'fade']"
nosby,"['viper', 'breach']"
Imp0ssible,['jett']
mysT,['raze']
Rawi,['raze']
SnapeFPS,"['breach', 'fade']"
Harshhh,"['sova', 'breach']"
DarkYZ,['omen']
Shivam,['neon']
HerokU,"['cypher', 'killjoy']"
Neclode,"['jett', 'raze']"
SUPERSTEW,"['kayo', 'omen']"
dedmosVAL,"['omen', 'viper']"
Window,['omen']
Euphoric,"['killjoy', 'cypher']"
Protection,"['viper', 'omen']"
Berserk,"['cypher', 'viper']"
huawei1016,['omen']
Ayni,"['gekko', 'jett']"
Zeus,"['raze', 'yoru']"
Me1on,"['kayo', 'reyna']"
devashhessh,"['deadlock', 'omen']"
Roy,"['omen', 'breach']"
LeoPard,"['killjoy', 'chamber']"
HuNtFtw,['killjoy']
DonsS,['sova']
Skerp,"['raze', 'jett']"
Andy,['killjoy']
ONLY,['jett']
Cebbbbbbbbbbbbbb,"['brimstone', 'sova']"
Rito,"['sova', 'harbor']"
QuanTrọngLàTốcĐộ,"['gekko', 'raze']"
fives,"['cypher', 'omen']"
rivo,['cypher']
eya,['jett']
Qvist,"['omen', 'brimstone']"
Bri0,['gekko']
Bates,"['breach', 'skye']"
r4BB,['raze']
H0shi,"['jett', 'neon']"
WennerOwO,"['omen', 'sova']"
NightMare,"['skye', 'breach']"
k41zE,"['reyna', 'iso']"
x1ang,"['breach', 'viper']"
Jongo,['killjoy']
0RE0,"['sova', 'gekko']"
DizzyZ,['omen']
Chubbº,"['raze', 'jett']"
Rezek,"['skye', 'breach']"
Cheddy,['viper']
Barring,"['cypher', 'killjoy']"
Chiefu,['skye']
Nein,['jett']
Azukiarai,"['jett', 'killjoy']"
collin,"['jett', 'raze']"
elisosa,['kayo']
G1BBY,"['viper', 'skye']"
xiph,"['jett', 'breach']"
CrmyDuck,"['viper', 'omen']"
Curry,['sova']
speed,"['sova', 'astra']"
0,['killjoy']
gecko,"['kayo', 'viper']"
typebait,"['raze', 'jett']"
Snackz,"['yoru', 'raze']"
Typhon,['omen']
Cell,['viper']
Huge,['killjoy']
Greenmonkey,['cypher']
szuler,['skye']
madnes,['cypher']
lexis,"['omen', 'viper']"
sizo,"['raze', 'jett']"
SHAYDER,"['omen', 'brimstone']"
BELOV,['sova']
bbbumbooo,"['gekko', 'skye']"
gvl,"['fade', 'viper']"
X0ID,['breach']
Tempest,"['raze', 'jett']"
Lavish,"['killjoy', 'chamber']"
Atom200iq,"['raze', 'phoenix']"
ballow,['raze']
AloneVal,['cypher']
Peam,['omen']
noobeR,"['skye', 'fade']"
PlzWin,['omen']
snackbox,"['breach', 'sova']"
Bad,"['jett', 'raze']"
screagy,"['omen', 'gekko']"
highh,['omen']
Silon,"['jett', 'reyna']"
DELP,['viper']
MJM,"['cypher', 'killjoy']"
Lingchuan,"['breach', 'omen']"
FUZE,"['cypher', 'sova']"
Android,['viper']
Pain,"['killjoy', 'cypher']"
Luvjix,['omen']
Zneider,"['cypher', 'killjoy']"
Hitman,"['breach', 'kayo']"
Novachrono,['omen']
Kipp,['viper']
AiHuoahanana,"['fade', 'sova']"
Chrollo,"['raze', 'jett']"
mikezin,"['jett', 'omen']"
evolution,"['chamber', 'jett']"
Zenitsu,"['viper', 'killjoy']"
Zeus,"['killjoy', 'cypher']"
teeson,"['kayo', 'breach']"
After,"['viper', 'omen']"
tkr,"['raze', 'jett']"
kajsiab,['sova']
Xotic,"['raze', 'jett']"
StaGGeR,"['breach', 'kayo']"
POTATOMUNCHA,"['cypher', 'viper']"
Zuko,['cypher']
RAJAFTW,['raze']
6ixKey,"['jett', 'raze']"
ensena,"['jett', 'chamber']"
TeKae,['skye']
elvis,"['jett', 'raze']"
dre,"['astra', 'viper']"
Spooky,"['cypher', 'raze']"
Kyle,"['raze', 'omen']"
Kip,"['killjoy', 'omen']"
kipp,"['reyna', 'viper']"
BALLY,"['viper', 'kayo']"
Silon,['raze']
s1mple,"['fade', 'breach']"
joyuri,"['sova', 'breach']"
RaiKeN,"['sage', 'gekko', 'skye']"
Ryukai,"['viper', 'omen']"
esc,"['viper', 'breach']"
Zion,['killjoy']
Szalony,"['iso', 'jett']"
Magician,"['cypher', 'deadlock']"
GsN,"['jett', 'raze']"
kilo,"['raze', 'jett', 'reyna']"
AlleN,"['fade', 'sova']"
Niklaus,"['omen', 'kayo', 'brimstone']"
hsn,"['breach', 'killjoy', 'viper']"
Nix123,"['killjoy', 'cypher']"
Fierryyy,"['kayo', 'breach']"
kimminjeong,"['sova', 'raze']"
reee,"['jett', 'raze']"
Siesta,"['viper', 'raze', 'phoenix']"
enozaki,"['viper', 'killjoy']"
nelu,"['viper', 'sova', 'breach']"
Green,"['gekko', 'kayo']"
Divine,"['astra', 'omen']"
Proxh,"['omen', 'viper', 'astra']"
PRIME,"['brimstone', 'omen', 'cypher']"
Enzyy,"['raze', 'iso']"
Homeboy,"['yoru', 'neon']"
SataN,"['gekko', 'sova', 'breach']"
MorningStaR,"['skye', 'killjoy', 'fade']"
Jonny,"['jett', 'raze']"
niveK,"['omen', 'clove', 'viper']"
j4héx,"['killjoy', 'viper']"
Obito,"['omen', 'brimstone', 'viper']"
Kuro,"['phoenix', 'yoru', 'jett']"
TTT,"['fade', 'cypher', 'sova']"
Erz4h,"['omen', 'neon']"
Yaobaike,"['jett', 'omen']"
WeiYu,"['omen', 'viper', 'brimstone']"
Rainnzyx,"['omen', 'viper', 'killjoy']"
Miyu,"['raze', 'sage']"
kivar,"['skye', 'sova']"
troizyyy,"['killjoy', 'viper']"
Shadow,"['brimstone', 'omen']"
Smexyy,"['viper', 'killjoy', 'cypher']"
STRYKER,"['yoru', 'fade']"
Aamish,"['raze', 'harbor', 'neon']"
Cyrax,"['jett', 'raze']"
jaymomo,"['sova', 'breach', 'skye']"
KhaimaN,"['viper', 'killjoy', 'gekko']"
rynzdan,"['omen', 'kayo', 'raze']"
Shera,['omen']
Intense,"['raze', 'jett', 'omen']"
21May,"['viper', 'kayo']"
13lueee,"['brimstone', 'omen']"
autumN,"['fade', 'jett', 'killjoy']"
MaxxyBoyy,"['skye', 'sova']"
Can,['jett']
Lock1ng,"['viper', 'omen']"
Darkz,"['astra', 'reyna', 'killjoy']"
Minori,"['omen', 'cypher', 'breach']"
Youjun,"['fade', 'neon', 'sova']"
Sheny9,"['viper', 'cypher', 'killjoy']"
Boyi,"['omen', 'gekko']"
hYdraszyy,"['killjoy', 'breach', 'kayo']"
VASK1NHO,"['gekko', 'killjoy']"
CHAK,"['omen', 'viper']"
Interline,"['jett', 'reyna', 'cypher']"
Hazza,"['brimstone', 'omen']"
fsau,['raze']
Ivolve,"['skye', 'breach']"
aRThiT,"['jett', 'omen', 'viper']"
Rendra,"['deadlock', 'cypher', 'killjoy']"
changkhoiuem,"['omen', 'brimstone', 'viper']"
DJHoangEmmm,"['killjoy', 'cypher', 'reyna']"
artaa,"['jett', 'raze', 'killjoy']"
Memories,"['raze', 'jett', 'reyna']"
cfuzzy,"['cypher', 'killjoy', 'viper']"
WooDyy,"['skye', 'breach']"
InstincT,"['jett', 'neon']"
Joey,"['sova', 'breach', 'viper']"
lazy,"['raze', 'neon', 'jett']"
Rockah,"['sage', 'breach', 'kayo']"
Archfiend,"['fade', 'skye', 'sova']"
AsianVyn,"['neon', 'brimstone']"
hYperfiction,"['jett', 'neon', 'raze']"
Awei,"['cypher', 'sage', 'phoenix']"
wodahS,"['cypher', 'sova', 'gekko']"
Interlaced,"['astra', 'skye', 'sova']"
Yu,"['jett', 'raze']"
twilight,"['killjoy', 'viper', 'cypher']"
Sanji,"['omen', 'brimstone', 'sova']"
Envy2K,"['jett', 'yoru', 'neon']"
canady,"['raze', 'jett', 'iso']"
Lym,"['raze', 'jett']"
Sanliujiujiujiu,"['sova', 'gekko']"
daseinzumtode,"['brimstone', 'omen']"
Zeus,"['raze', 'jett', 'neon']"
kabzi,"['killjoy', 'cypher']"
sunny,"['viper', 'omen', 'fade']"
onsra,"['jett', 'raze']"
ALLR1GHTT,"['viper', 'harbor', 'kayo']"
Hansia,"['raze', 'jett']"
P0PPIN,"['raze', 'sage', 'jett']"
B1ngXun,"['killjoy', 'cypher']"
Bocah,"['brimstone', 'omen', 'viper']"
stonezy,"['jett', 'raze', 'yoru']"
Cawwyy,"['killjoy', 'jett', 'omen']"
1ce2k,"['killjoy', 'sova']"
Nasty,"['jett', 'raze', 'cypher']"
XyuS,"['raze', 'jett', 'neon']"
shen,"['sage', 'breach', 'kayo']"
Metry,"['kayo', 'cypher', 'gekko']"
smalls,"['cypher', 'chamber', 'sage']"
LINDEN,"['breach', 'kayo', 'jett']"
Zyko,"['gekko', 'brimstone', 'skye']"
LTHEW,"['fade', 'sova', 'gekko']"
ImRonalddd,"['sova', 'deadlock', 'cypher']"
aster,"['breach', 'fade', 'kayo']"
zhen,"['reyna', 'raze', 'neon']"
1mp2k,"['killjoy', 'gekko', 'cypher']"
YanLi,"['viper', 'kayo', 'skye']"
umaruchans,"['sage', 'gekko', 'killjoy']"
riyabtw,"['kayo', 'raze', 'jett']"
Dizzy,"['sova', 'gekko', 'fade']"
Answerz,"['killjoy', 'cypher', 'viper']"
Repulsive,"['omen', 'viper', 'brimstone']"
Teddy,"['killjoy', 'omen', 'raze']"
Ethan,"['killjoy', 'cypher', 'fade']"
Disease,"['viper', 'omen', 'breach']"
AceStaRRRRR,"['kayo', 'deadlock', 'omen']"
AuloekXD,"['omen', 'brimstone', 'viper']"
Frisk,"['killjoy', 'cypher', 'viper']"
weber,"['kayo', 'skye', 'sova']"
ITaoEartH,"['skye', 'kayo', 'cypher']"
danKey,"['kayo', 'raze', 'reyna']"
Youze,"['raze', 'sage', 'omen']"
mikester,"['skye', 'gekko', 'killjoy']"
Aqua,"['breach', 'sova', 'harbor']"
Zhannn,"['omen', 'viper', 'kayo']"
Dignified,"['skye', 'kayo', 'gekko']"
moon,"['harbor', 'fade', 'killjoy']"
bioforst,"['viper', 'cypher', 'harbor']"
Cangshu,"['neon', 'kayo', 'breach']"
GunterR,"['omen', 'viper', 'jett']"
aderrr,"['sage', 'omen', 'cypher']"
Yoyoman,"['kayo', 'breach', 'raze']"
XiaoFeng,"['kayo', 'omen', 'yoru']"
Stazy,"['kayo', 'gekko', 'raze']"
T0BA,"['fade', 'skye', 'sova']"
bobae,"['cypher', 'skye', 'reyna']"
N1ER,"['raze', 'jett', 'reyna']"
Orgil,"['breach', 'sova', 'kayo']"
mochi,"['killjoy', 'viper', 'cypher']"
Hirenkyaku,"['breach', 'sova', 'viper']"
miz,"['kayo', 'jett', 'yoru']"
Edw4rd,"['viper', 'omen', 'astra']"
zander,"['viper', 'omen', 'brimstone']"
Ching,"['killjoy', 'cypher', 'kayo']"
GianSanity,"['jett', 'raze', 'gekko']"
Kel,"['reyna', 'skye']"
Hyuse,"['raze', 'sova', 'jett']"
vers4ce,"['cypher', 'gekko']"
Somethai,"['skye', 'killjoy', 'fade']"
Kong,"['brimstone', 'omen']"
Killu,"['killjoy', 'fade', 'viper']"
Ooriime,"['viper', 'sova']"
Akashi,"['fade', 'sova', 'skye']"
appA,"['brimstone', 'omen', 'jett']"
hypeRR,"['skye', 'kayo', 'astra']"
noumit,"['viper', 'killjoy', 'cypher']"
Expvsed,"['viper', 'omen']"
appa,"['viper', 'kayo']"
N,"['cypher', 'killjoy', 'breach']"
xcool3,"['killjoy', 'cypher', 'deadlock']"
magicss,"['kayo', 'viper', 'breach']"
OneEyed,"['harbor', 'fade']"
pyrolll,"['raze', 'jett', 'kayo']"
ALIVE,"['jett', 'raze']"
baddyG,"['omen', 'viper']"
musashi,"['kayo', 'gekko', 'skye']"
cullumx,"['raze', 'kayo', 'phoenix']"
Br0die,"['sova', 'omen', 'brimstone']"
ezzy,"['cypher', 'chamber', 'viper']"
Whimp,"['viper', 'kayo', 'fade']"
1TaPGoD,"['raze', 'gekko']"
TheNightChe,"['cypher', 'killjoy', 'brimstone']"
Kyro,"['viper', 'killjoy', 'brimstone']"
ValdyN,"['jett', 'reyna', 'skye']"
Eeyore,"['killjoy', 'cypher', 'omen']"
Nakya,"['raze', 'chamber', 'reyna']"
Cud,"['cypher', 'killjoy', 'phoenix']"
gotten,"['omen', 'brimstone', 'viper']"
ray4c,['raze']
natz,"['viper', 'omen', 'brimstone']"
roseau,['killjoy']
Zaps,"['skye', 'sova', 'omen']"
GrEEnY,"['cypher', 'sova']"
LeeN,"['breach', 'sova']"
X3B,['sova']
K1ra,['omen']
Jangler,"['brimstone', 'viper', 'omen']"
n9sty,"['jett', 'cypher', 'killjoy']"
Haimerej,"['killjoy', 'fade', 'viper']"
Yawnpeek,"['sova', 'raze', 'kayo']"
Sevy,"['viper', 'omen', 'sova']"
bl0ckediee,"['fade', 'sova']"
Serial,"['kayo', 'skye', 'breach']"
MateliaN,"['phoenix', 'raze', 'viper']"
TiduS,"['omen', 'astra', 'sova']"
bramz,"['killjoy', 'cypher', 'viper']"
OniBy,"['sova', 'yoru', 'skye']"
soren,"['raze', 'neon', 'jett']"
SH4WQ,"['skye', 'breach']"
huNter,['omen']
Ec1ipsed,"['omen', 'cypher', 'killjoy']"
Link,"['cypher', 'breach', 'omen']"
Chaos,"['iso', 'omen', 'jett']"
LilMad,"['yoru', 'neon', 'raze']"
Volay,"['sova', 'cypher', 'omen']"
Pink,"['omen', 'sova']"
Scorteck,"['gekko', 'sova']"
Kouf,"['reyna', 'kayo']"
Kyu,"['sova', 'fade', 'jett']"
roompa,"['sova', 'gekko', 'skye']"
Neon,"['jett', 'raze']"
smiley,"['omen', 'breach', 'kayo']"
ScrewFace,"['gekko', 'skye', 'deadlock']"
Exalt,"['omen', 'sage', 'kayo']"
KyLoU_,"['brimstone', 'sova']"
NOKOCU,"['brimstone', 'omen', 'astra']"
Neat,"['omen', 'brimstone']"
BlanK,"['killjoy', 'cypher', 'raze']"
Pyro,"['sova', 'astra', 'brimstone']"
Birelta,"['cypher', 'viper']"
chukL9,"['gekko', 'sova', 'skye']"
Drog,"['cypher', 'killjoy', 'viper']"
stolen,"['killjoy', 'viper', 'cypher']"
SecondLove,"['killjoy', 'harbor', 'cypher']"
Sovano,"['jett', 'raze', 'iso']"
Worship,['sova']
kaajak,"['yoru', 'neon', 'jett']"
soulcas,"['sova', 'viper', 'raze']"
AvovA,"['viper', 'omen', 'brimstone']"
MOLSI,"['harbor', 'skye', 'breach']"
hype,"['killjoy', 'cypher', 'viper']"
Mast3r,"['viper', 'brimstone', 'cypher']"
blackhawk,"['omen', 'breach', 'sova']"
CortezZ,"['omen', 'viper', 'kayo']"
Scarlett,['raze']
Inquisitor,['omen']
Sou,"['fade', 'skye']"
Robbie,"['raze', 'jett']"
Pr,"['viper', 'omen', 'brimstone']"
woody,"['reyna', 'killjoy', 'sova']"
Kylee,"['cypher', 'viper', 'killjoy']"
Nythan,"['skye', 'sage', 'sova']"
fausTao,"['raze', 'jett', 'yoru']"
SCar,"['brimstone', 'omen', 'viper']"
River,['gekko']
r1seN,"['yoru', 'raze', 'cypher']"
Icarus,"['killjoy', 'brimstone', 'sova']"
YasH,"['neon', 'jett', 'raze']"
Arjunn,"['viper', 'omen']"
wAvE,"['killjoy', 'viper', 'omen']"
Rage,"['omen', 'fade']"
Near,"['gekko', 'kayo', 'viper']"
nightz,"['yoru', 'jett', 'skye']"
zaj,"['skye', 'killjoy', 'sova']"
exile,"['raze', 'jett', 'reyna']"
iHenDog,"['viper', 'sova', 'killjoy']"
DominiK,"['viper', 'cypher', 'omen']"
Drios,"['killjoy', 'sova']"
KovaQ,"['sova', 'skye', 'omen']"
Sevkaan,"['cypher', 'killjoy']"
STAVINCI,"['omen', 'breach', 'skye']"
Jini,"['sova', 'gekko', 'viper']"
AdrianL,"['gekko', 'cypher', 'chamber']"
A1MBOT,"['omen', 'astra', 'viper']"
roccomax,"['jett', 'raze']"
alfin,['omen']
Denz,"['skye', 'sova', 'killjoy']"
HydraKid,"['omen', 'reyna', 'viper']"
bry,"['breach', 'gekko', 'kayo']"
eur,"['omen', 'clove', 'viper']"
Xty,"['cypher', 'killjoy', 'gekko']"
SLY,"['viper', 'harbor', 'omen']"
NoMeRcY,['omen']
Law,['skye']
Kladenstein,['gekko']
Shrey,"['cypher', 'killjoy']"
karmax1,"['viper', 'omen']"
Hespeh,"['sova', 'viper']"
Vulcan,['omen']
Flonson,"['viper', 'cypher']"
SummonHalfa,"['kayo', 'breach']"
xad,"['skye', 'fade', 'sova']"
Cintyx,"['cypher', 'killjoy']"
RickyVaila,"['viper', 'cypher', 'skye']"
Morphiius,"['yoru', 'kayo', 'brimstone']"
Snaptor,"['sova', 'reyna']"
xitsu,"['jett', 'deadlock']"
xazyy,"['skye', 'omen', 'breach']"
Aeric,"['skye', 'omen', 'sova']"
NAMI,"['raze', 'jett']"
Bon,"['killjoy', 'cypher']"
WanZeru,"['raze', 'jett', 'neon']"
Kajuks,"['omen', 'brimstone', 'astra']"
RARE,"['kayo', 'killjoy', 'breach']"
Nunmeister,"['gekko', 'cypher', 'killjoy']"
arch,"['sova', 'skye', 'fade']"
Dawn,['viper']
P1nA,"['viper', 'omen', 'brimstone']"
Louboutin,"['brimstone', 'killjoy', 'omen']"
Hyzee,"['omen', 'breach', 'gekko']"
Nhatthong2k,"['raze', 'jett']"
BMV,"['fade', 'harbor', 'sova']"
nTK,"['brimstone', 'cypher', 'killjoy']"
LexVL,"['raze', 'gekko']"
ell,['sova']
claire,"['brimstone', 'omen']"
Boogeyyy,['skye']
Yanagi,['viper']
GabbyDiz,"['omen', 'kayo']"
Chaze,"['skye', 'sova', 'gekko']"
Austeeno,['breach']
JSTE,"['raze', 'jett']"
Jesse,"['viper', 'omen', 'astra']"
maniek,"['jett', 'raze', 'yoru']"
KPZET,"['omen', 'viper', 'clove']"
Guardy,"['skye', 'gekko', 'omen']"
Saiz,"['killjoy', 'sage', 'cypher']"
Vorwenn,"['viper', 'omen', 'brimstone']"
PROFEK,"['omen', 'viper', 'astra']"
sociablEE,"['yoru', 'raze', 'omen']"
chiwa,"['cypher', 'viper', 'killjoy']"
LewN,"['raze', 'jett', 'neon']"
Lar0k,"['phoenix', 'kayo', 'gekko']"
ComeBack,"['chamber', 'jett', 'raze']"
Loita,"['omen', 'viper']"
Crewen,"['cypher', 'killjoy', 'viper']"
Rosé,"['breach', 'sova', 'sage']"
FonTuz,"['sova', 'gekko', 'omen']"
harddora,"['viper', 'killjoy', 'breach']"
Brayzeee,"['cypher', 'killjoy']"
Jaggi,"['sova', 'fade']"
Ginola,"['killjoy', 'cypher']"
k,"['brimstone', 'gekko', 'sova']"
PadangRice,"['gekko', 'omen', 'viper']"
RIZKYMD,"['breach', 'skye', 'kayo']"
heyNF,"['breach', 'skye', 'killjoy']"
bund,"['sova', 'breach']"
Spaz,"['viper', 'omen', 'astra']"
mikeE,"['killjoy', 'cypher', 'jett']"
Pa1nt,"['yoru', 'jett', 'raze']"
Okeanos,"['jett', 'raze', 'chamber']"
monSi,"['harbor', 'viper', 'fade']"
atlas,"['kayo', 'viper', 'fade']"
Spocki,"['kayo', 'skye', 'gekko']"
welyy,"['sova', 'fade', 'breach']"
Shondex,"['cypher', 'viper']"
Bob,"['sova', 'skye', 'gekko']"
Zoestol,"['astra', 'omen', 'viper']"
zeek,"['reyna', 'skye', 'kayo']"
style,"['omen', 'viper', 'skye']"
Shiro,"['viper', 'sova', 'brimstone']"
Famouz,"['raze', 'jett', 'neon']"
BerserX,"['killjoy', 'chamber', 'cypher']"
ZesBeeW,"['viper', 'omen', 'jett']"
NcSlasher,"['skye', 'kayo', 'gekko']"
EARTHY,"['cypher', 'skye', 'kayo']"
falfalfal,['cypher']
Kcep,"['chamber', 'cypher']"
ZukØ,['sova']
SnapS,['cypher']
Sferon,"['kayo', 'viper', 'omen']"
Limp,"['omen', 'killjoy', 'raze']"
JHONNY,['killjoy']
Grooovy,"['viper', 'breach', 'fade']"
k1ngkappa,"['jett', 'reyna', 'yoru']"
cashmere,"['skye', 'omen', 'killjoy']"
LenX,"['viper', 'omen', 'astra']"
svL,"['fade', 'kayo', 'gekko']"
mika,"['reyna', 'killjoy', 'omen']"
frostmind,"['killjoy', 'cypher', 'viper']"
Lilo,"['raze', 'jett', 'gekko']"
budimeisteR,"['omen', 'viper', 'brimstone']"
severiNe,"['viper', 'omen', 'astra']"
Boni,"['kayo', 'yoru', 'gekko']"
Matt,"['viper', 'killjoy', 'gekko']"
katsumi,"['omen', 'brimstone', 'viper']"
ayman,"['jett', 'raze', 'sova']"
Anashi,"['sage', 'sova', 'fade']"
Agr0,"['raze', 'jett']"
bread,['kayo']
Banshee,"['harbor', 'astra']"
MEDC,['gekko']
moose,"['cypher', 'killjoy']"
v1c,"['omen', 'cypher', 'brimstone']"
rave,['skye']
zero,"['omen', 'brimstone', 'gekko']"
Ch1ckenBell,"['breach', 'viper', 'kayo']"
GatsH,"['sage', 'omen', 'brimstone']"
lowel,"['harbor', 'omen']"
Yurii,"['skye', 'kayo', 'breach']"
ZachaREEE,"['sova', 'chamber', 'cypher']"
Rainy,"['omen', 'cypher', 'sage']"
Jrmzie,"['cypher', 'viper', 'gekko']"
Ev0,['killjoy']
Cactus,"['killjoy', 'cypher']"
Shifty,"['astra', 'sova', 'viper']"
Nabi,"['breach', 'sova']"
Maple,"['jett', 'omen', 'sova']"
ZiXuan,"['omen', 'harbor', 'astra']"
KaweNtw,"['cypher', 'astra', 'deadlock']"
GREEN,"['yoru', 'jett', 'raze']"
Coco,"['breach', 'gekko', 'kayo']"
Hemsyxx,"['viper', 'omen']"
NekO,"['kayo', 'breach']"
Yohpa,"['yoru', 'sova', 'raze']"
Sp1ke,"['brimstone', 'jett', 'viper']"
bzt,"['sova', 'skye', 'kayo']"
Yuta,"['cypher', 'killjoy']"
rodeN,"['breach', 'harbor', 'skye']"
NowaXxZang,"['sova', 'viper', 'omen']"
DaviH,"['sova', 'fade', 'sage']"
elllement,"['raze', 'jett', 'sage']"
aNguiSt,"['viper', 'cypher', 'killjoy']"
Vince,"['brimstone', 'omen', 'viper']"
BennY,"['gekko', 'phoenix', 'raze']"
NINJA,"['cypher', 'skye', 'sova']"
globeX,"['viper', 'omen', 'raze']"
ZachKappa,"['cypher', 'killjoy', 'viper']"
Outcazt,"['sova', 'breach', 'brimstone']"
crr,"['gekko', 'reyna', 'viper']"
MigueL,['fade']
Eden,"['cypher', 'viper']"
Hyell,"['gekko', 'skye']"
Shaun,"['sage', 'cypher', 'killjoy']"
Rageee,"['skye', 'cypher', 'fade']"
babibauu,"['brimstone', 'omen']"
NamGoku,"['raze', 'sage', 'omen']"
Jaf,"['omen', 'viper', 'brimstone']"
bravo,"['jett', 'breach']"
Sm1le,['jett']
sixelaoen,"['viper', 'harbor', 'kayo']"
Jefz,"['raze', 'jett']"
Dragy,"['omen', 'viper', 'yoru']"
reeq,"['fade', 'viper', 'sova']"
persona11,"['raze', 'jett']"
spoof,"['jett', 'neon', 'reyna']"
VJT,"['skye', 'breach']"
payne,"['brimstone', 'omen', 'viper']"
etan,"['brimstone', 'omen']"
jake,['raze']
al1en,"['omen', 'viper', 'brimstone']"
ronan,['sova']
chase,['viper']
chqse,"['cypher', 'killjoy']"
JKronic,"['sova', 'breach']"
VYX,"['brimstone', 'cypher', 'kayo']"
alvinboy,"['jett', 'raze', 'cypher']"
Katashio,"['jett', 'raze']"
Uyen,"['gekko', 'sova', 'viper']"
senyorcarl,"['raze', 'breach', 'jett']"
astr0,"['viper', 'omen', 'astra']"
Chanyboi,"['kayo', 'sova', 'skye']"
Ichisolo,"['cypher', 'killjoy']"
gabo,"['raze', 'cypher', 'killjoy']"
lil,['omen']
audaz,"['omen', 'sova']"
wezzy,"['raze', 'jett']"
pckwN,"['viper', 'killjoy']"
WerlasS,"['kayo', 'viper', 'breach']"
KILICARSLAN,"['omen', 'kayo']"
DeepMans,"['skye', 'phoenix', 'kayo']"
Nurfed,"['viper', 'brimstone', 'omen']"
JSUNG,"['skye', 'kayo']"
Drone,"['raze', 'skye', 'sova']"
Precision,"['kayo', 'skye', 'breach']"
Fable,"['viper', 'omen']"
khelthuzad,"['killjoy', 'cypher', 'fade']"
Danda,"['sova', 'omen', 'brimstone']"
trash,['breach']
Selin,"['killjoy', 'raze', 'iso']"
Chrome,"['omen', 'gekko']"
westside,"['killjoy', 'omen', 'cypher']"
Pa1ze,"['raze', 'yoru', 'neon']"
xiTsha,"['omen', 'breach', 'reyna']"
Grmekista,"['viper', 'astra', 'fade']"
Prti,"['skye', 'omen', 'fade']"
VAPPツ,"['chamber', 'raze']"
Panda,"['omen', 'viper']"
varuxx,['sova']
xPatrycksio,"['kayo', 'breach']"
limitado,"['viper', 'killjoy', 'skye']"
Iceyyy,"['yoru', 'raze', 'jett']"
eXampL,"['cypher', 'skye', 'kayo']"
zery,"['raze', 'neon', 'jett']"
Nayte,"['raze', 'jett']"
NyaRu,"['raze', 'jett', 'killjoy']"
Linus,"['brimstone', 'omen', 'viper']"
Ziad,"['jett', 'raze', 'yoru']"
SPMAK,"['skye', 'sage', 'gekko']"
Mimori,"['breach', 'sova', 'gekko']"
Sharked,"['cypher', 'killjoy']"
Swifts,"['raze', 'jett']"
KlausC,"['yoru', 'neon']"
Brädi,"['kayo', 'gekko', 'viper']"
Lenam0n,"['raze', 'reyna']"
Darum0n,"['gekko', 'viper']"
sTizzy,"['killjoy', 'brimstone']"
capeesha,"['sova', 'skye']"
ph1vu,"['reyna', 'cypher']"
luna,"['raze', 'killjoy']"
REDFOXXX,"['skye', 'breach', 'kayo']"
mess1,['jett']
denji,"['brimstone', 'omen', 'viper']"
SinS,"['chamber', 'fade', 'omen']"
SH0UTyy,['omen']
Símplex,"['cypher', 'kayo']"
SpiritZ1,"['raze', 'jett', 'iso']"
freeing,"['cypher', 'viper', 'killjoy']"
wayne,"['jett', 'omen', 'killjoy']"
grumble,"['sova', 'fade', 'skye']"
Vera,"['jett', 'raze', 'chamber']"
Juicy,"['raze', 'yoru', 'jett']"
STYRON,"['sova', 'skye', 'fade']"
JayH,"['viper', 'kayo', 'breach']"
bryce,"['astra', 'killjoy', 'omen']"
Filu,"['jett', 'yoru', 'raze']"
wackie,"['raze', 'omen', 'killjoy']"
waddle,"['sage', 'sova', 'gekko']"
Tag,"['cypher', 'viper', 'sage']"
caydeN,"['omen', 'viper', 'kayo']"
SGrap,"['cypher', 'sova', 'breach']"
miniature,"['raze', 'reyna']"
Potatoe,['viper']
wstVirginia,"['skye', 'viper', 'fade']"
MAX,"['breach', 'skye', 'kayo']"
GrizzLy,"['breach', 'omen']"
RICHi,"['killjoy', 'cypher']"
lastround,['raze']
lcdFFF,"['chamber', 'fade']"
woLfoo,"['skye', 'breach']"
TRuve,"['omen', 'raze']"
keloqz,"['jett', 'raze', 'neon']"
MARCTYLINHO,"['omen', 'brimstone', 'astra']"
szimpli,"['raze', 'jett', 'yoru']"
juseu,"['phoenix', 'raze', 'breach']"
pa1ka,"['cypher', 'viper', 'killjoy']"
Foxie,"['astra', 'breach', 'gekko']"
Newzera,"['fade', 'skye', 'sova']"
xms,"['killjoy', 'omen']"
Sueiy,"['omen', 'astra']"
jayrol,"['raze', 'kayo']"
Altered,"['cypher', 'killjoy']"
scape,"['omen', 'viper']"
VantiK,"['sova', 'skye']"
Kehnys,['killjoy']
N11,"['kayo', 'gekko', 'viper']"
corey,"['neon', 'yoru', 'kayo']"
Rawkus,"['breach', 'viper', 'omen']"
wedid,"['omen', 'viper', 'brimstone']"
stellar,"['fade', 'omen', 'sova']"
Add3r,"['cypher', 'skye', 'deadlock']"
Yeseo,"['sova', 'skye', 'cypher']"
S1Mon,"['sova', 'skye', 'chamber']"
Cantzer,"['viper', 'sova', 'cypher']"
Izzy,"['jett', 'raze', 'omen']"
xeus,"['raze', 'jett', 'neon']"
Anima,"['breach', 'skye', 'kayo']"
JN3v1cE,"['breach', 'omen', 'viper']"
Wasp,"['skye', 'breach', 'brimstone']"
KROSTALY,"['raze', 'skye', 'kayo']"
MOJJ,"['killjoy', 'viper', 'cypher']"
CyderX,"['sova', 'gekko', 'skye']"
SasuKe,"['kayo', 'breach', 'sova']"
musz3kk,"['jett', 'raze', 'clove']"
BcJ,"['fade', 'gekko', 'sova']"
rlzy,"['viper', 'jett']"
Sane,"['brimstone', 'cypher', 'omen']"
Uncreative,"['breach', 'sage']"
silenttt,"['sova', 'viper', 'gekko']"
Phatt,"['kayo', 'breach', 'sage']"
Vangz,"['reyna', 'skye']"
pudj,"['omen', 'viper', 'killjoy']"
FirstLove,"['raze', 'yoru', 'jett']"
shiba,"['sova', 'skye', 'viper']"
Prophecy,"['killjoy', 'sova']"
jowa,"['sova', 'gekko', 'fade']"
Hasaa,"['viper', 'killjoy', 'cypher']"
patagod,"['raze', 'jett', 'skye']"
MattyIce,"['chamber', 'cypher']"
France,"['killjoy', 'chamber']"
law,"['kayo', 'skye']"
wisa,['raze']
Incredible,"['omen', 'viper', 'harbor']"
Wave,['omen']
Jar,"['sova', 'skye']"
ImGabriel,"['skye', 'gekko']"
Snackicals,"['sova', 'jett']"
Inkelo,"['jett', 'raze']"
Kwixy,"['sova', 'skye', 'fade']"
shy,"['raze', 'jett', 'cypher']"
Hitch,"['breach', 'brimstone', 'skye']"
nyczu,"['viper', 'killjoy', 'cypher']"
r1zvaN,"['omen', 'viper']"
repteyy,"['sova', 'gekko', 'breach']"
KEREME,"['sova', 'viper']"
yatoro,"['raze', 'yoru', 'jett']"
Snark,"['kayo', 'viper']"
Yukine,"['omen', 'sova']"
Tempt,"['harbor', 'omen']"
Reformed,"['raze', 'yoru', 'killjoy']"
Dext,"['omen', 'killjoy', 'viper']"
IkE,['omen']
Lew,['skye']
Lukey,"['neon', 'raze', 'jett']"
Rudi,"['viper', 'omen']"
kingHaS,"['omen', 'cypher', 'brimstone']"
aru,"['gekko', 'fade']"
JoJo,"['killjoy', 'cypher', 'omen']"
popoman4Q,"['omen', 'brimstone', 'viper']"
iamRinoh,['cypher']
Paincakes,"['astra', 'omen', 'breach']"
Jonaaa6,"['viper', 'breach', 'killjoy']"
bones,"['brimstone', 'harbor', 'omen']"
neptune,"['kayo', 'fade', 'gekko']"
mummAy,"['cypher', 'killjoy', 'viper']"
deseo,"['yoru', 'raze']"
Soggy,"['jett', 'neon']"
cacan,"['killjoy', 'brimstone', 'harbor']"
fred,"['jett', 'raze']"
samed,"['raze', 'jett', 'yoru']"
Yigox,"['sova', 'cypher', 'sage']"
DeadInk,"['gekko', 'clove', 'jett']"
vCan,"['sova', 'viper']"
Momiji,"['viper', 'omen', 'sova']"
Blahst,"['jett', 'breach', 'killjoy']"
Logan,"['raze', 'jett', 'cypher']"
HUYNH,"['omen', 'sova', 'brimstone']"
Mueda,"['kayo', 'skye']"
YESicaN,"['viper', 'omen', 'gekko']"
Kishi,"['gekko', 'breach', 'killjoy']"
Crus,"['kayo', 'cypher', 'astra']"
Ruxic,"['viper', 'omen']"
Turko,"['cypher', 'skye', 'killjoy']"
lauress,"['cypher', 'killjoy', 'clove']"
w0zzip,"['harbor', 'omen', 'gekko']"
qw1,"['sova', 'jett', 'neon']"
L7,"['raze', 'jett']"
zekei,"['kayo', 'viper', 'gekko']"
Huso,"['raze', 'jett']"
PoroZorro,"['omen', 'viper']"
Amore,"['jett', 'neon']"
Mikelelle,"['kayo', 'astra']"
putte,"['sova', 'skye']"
Rox1de,['killjoy']
R4VE,['cypher']
zerona,"['sova', 'viper', 'gekko']"
kev,"['reyna', 'raze', 'jett']"
krejzzs,"['raze', 'chamber', 'jett']"
mober,"['killjoy', 'cypher', 'yoru']"
Ximy,"['kayo', 'breach', 'yoru']"
krysyS,"['breach', 'kayo', 'sage']"
Pando,"['breach', 'sova', 'gekko']"
TiTaN,"['viper', 'sova', 'deadlock']"
Lime,"['jett', 'raze', 'killjoy']"
al0rante,"['viper', 'killjoy', 'cypher']"
YaBoiLewis,"['kayo', 'sage', 'yoru']"
Matrixx,"['astra', 'viper', 'omen']"
bucher,"['cypher', 'viper', 'killjoy']"
SEIDER,"['fade', 'sova', 'gekko']"
DaGG3r,"['sova', 'fade']"
Z3RO,"['cypher', 'viper', 'killjoy']"
feqew,"['killjoy', 'cypher']"
VTaguT,"['omen', 'viper', 'astra']"
Katu,"['skye', 'kayo', 'killjoy']"
l0udly,"['fade', 'cypher', 'viper']"
m4xikk,"['omen', 'viper', 'kayo']"
MikaEl,"['sova', 'breach', 'skye']"
Suhnny,"['gekko', 'fade']"
SemberN,"['viper', 'harbor', 'cypher']"
Toronto,"['raze', 'jett']"
Demiurge,"['raze', 'jett', 'gekko']"
ri4d,"['raze', 'killjoy', 'kayo']"
999kvmil,"['kayo', 'viper', 'breach']"
puggy,"['fade', 'sova', 'gekko']"
MaximN,"['omen', 'kayo', 'yoru']"
k1zpawn,"['killjoy', 'cypher', 'viper']"
Sayonara,"['yoru', 'cypher', 'sova']"
hiro,"['kayo', 'skye', 'breach']"
doma,"['reyna', 'skye', 'viper']"
kumi,"['raze', 'jett', 'brimstone']"
chloric,"['breach', 'sova', 'kayo']"
benjii,"['cypher', 'killjoy', 'viper']"
Loco,"['raze', 'jett']"
alyaL,"['breach', 'cypher', 'killjoy']"
Mihlog,"['kayo', 'cypher', 'jett']"
K1LLERS,"['raze', 'jett', 'kayo']"
ting2k5,"['cypher', 'yoru', 'jett']"
d0rf,"['sova', 'skye', 'fade']"
viness,"['brimstone', 'viper', 'omen']"
winderz,"['raze', 'jett']"
Pau,"['omen', 'viper']"
mezoky,"['omen', 'viper', 'sova']"
PTC,"['viper', 'kayo', 'breach']"
Sushiboys,"['killjoy', 'cypher', 'breach']"
Leviathan,"['harbor', 'omen', 'reyna']"
foxz,"['sova', 'gekko', 'yoru']"
JohnOlsen,"['jett', 'raze', 'phoenix']"
Fluky,"['omen', 'sage', 'brimstone']"
qq,"['jett', 'omen', 'kayo']"
Neljon,['skye']
MRVL,"['harbor', 'killjoy']"
Slaxx,"['viper', 'sova', 'breach']"
nasK,"['sova', 'neon']"
Waer,"['viper', 'omen']"
dimaxx,"['sage', 'kayo', 'breach']"
yorkings,['brimstone']
lekyy,"['cypher', 'killjoy', 'viper']"
DroperZ,['killjoy']
stepa,"['raze', 'jett']"
AndreSG,"['omen', 'sova', 'kayo']"
Edelweiss,"['fade', 'kayo']"
gmA,"['killjoy', 'cypher', 'breach']"
Tian,"['raze', 'jett']"
imai,"['jett', 'raze']"
KenzmPs,"['skye', 'sova', 'fade']"
Ds,"['omen', 'harbor']"
furyan,"['raze', 'omen', 'jett']"
k4nzo,"['yoru', 'omen', 'killjoy']"
slender,"['viper', 'killjoy']"
guedeszy,"['cypher', 'gekko', 'kayo']"
raxtazzz,"['jett', 'omen']"
penny,"['raze', 'jett', 'reyna']"
mimi,"['breach', 'viper', 'gekko']"
amy,"['viper', 'killjoy', 'cypher']"
Vania,"['omen', 'clove']"
rezq,"['raze', 'jett']"
Petra,"['fade', 'sova', 'breach']"
Bea2,"['skye', 'sova']"
Jlerst,"['killjoy', 'omen', 'brimstone']"
Bard0lf,"['viper', 'omen']"
sterben,"['omen', 'viper', 'brimstone']"
lurzy0y0,"['kayo', 'breach', 'gekko']"
Masic,"['jett', 'raze', 'reyna']"
DESTRUCT1VEE,"['omen', 'viper', 'killjoy']"
glovee,"['sova', 'skye', 'viper']"
BeX,"['iso', 'jett']"
1stRealityTwice,"['killjoy', 'cypher']"
slathom999,"['sova', 'fade']"
blurred,"['cypher', 'killjoy', 'breach']"
vblack,"['breach', 'viper', 'kayo']"
BraiNfreeZe,['cypher']
szoren,"['raze', 'kayo', 'sova']"
ryx,['jett']
PluckyPiva,"['kayo', 'skye', 'harbor']"
vong,"['breach', 'kayo', 'sage']"
Gunners,['cypher']
hastack,"['killjoy', 'cypher']"
mrcarrito,"['sova', 'cypher', 'killjoy']"
pika,"['kayo', 'skye', 'gekko']"
Neiker,"['killjoy', 'cypher']"
Touven,"['kayo', 'sova', 'viper']"
poegii,"['viper', 'cypher']"
LoyDreaM,"['jett', 'cypher', 'breach']"
YoungPork,"['fade', 'kayo', 'gekko']"
Aeonyx,"['cypher', 'sage', 'killjoy']"
Vuubit,"['omen', 'viper', 'deadlock']"
Davia,"['jett', 'chamber', 'neon']"
Eso177,"['cypher', 'killjoy', 'viper']"
KILLDREAM,"['jett', 'neon', 'raze']"
DrastZ,"['deadlock', 'kayo', 'harbor']"
Djam,"['viper', 'sova']"
aimDLL,"['killjoy', 'cypher', 'viper']"
Minny,"['cypher', 'killjoy', 'skye']"
alexiiik,"['jett', 'raze', 'neon']"
zeek,"['raze', 'kayo', 'breach']"
Buld,"['sage', 'viper', 'sova']"
tsack,"['cypher', 'killjoy']"
Spolen,"['sova', 'gekko', 'skye']"
Contair,"['harbor', 'viper']"
Dogo,"['cypher', 'killjoy', 'raze']"
Tillo,"['sova', 'gekko', 'breach']"
scrvbby,"['cypher', 'killjoy']"
FOX,"['breach', 'skye', 'kayo']"
Padisah,"['brimstone', 'killjoy', 'cypher']"
JrayN,"['kayo', 'skye', 'breach']"
ibonata,"['cypher', 'skye', 'kayo']"
MerSa,"['skye', 'kayo', 'breach']"
cms,"['viper', 'killjoy', 'cypher']"
yffe,['killjoy']
Cal,"['fade', 'raze', 'harbor']"
nanotekkk,"['raze', 'jett']"
Hiiro,['cypher']
Caim,"['raze', 'jett', 'cypher']"
H4te,"['sova', 'omen', 'viper']"
Kayn,"['omen', 'breach', 'brimstone']"
Soldier,['raze']
purp0,"['sova', 'skye']"
toggle,"['raze', 'jett']"
reN,"['sova', 'kayo', 'killjoy']"
kye,"['skye', 'viper', 'gekko']"
zeeq,"['killjoy', 'cypher']"
Wrath,"['omen', 'skye', 'kayo']"
Destrian,"['omen', 'sova', 'fade']"
Shalz,"['skye', 'viper', 'cypher']"
Byron,"['viper', 'omen']"
BALLI,"['reyna', 'sova', 'killjoy']"
d3ffo,"['jett', 'raze', 'reyna']"
Famsii,"['omen', 'yoru', 'raze']"
Insider,"['killjoy', 'cypher', 'viper']"
H1ber,"['gekko', 'harbor', 'fade']"
otom,"['raze', 'yoru', 'jett']"
zeddy,"['viper', 'omen', 'brimstone']"
Braso,"['omen', 'killjoy', 'chamber']"
VuexLex,"['yoru', 'raze', 'kayo']"
dok,"['skye', 'sova', 'yoru']"
zShoxy,"['raze', 'jett']"
iDex,"['cypher', 'omen', 'viper']"
yelloww,['omen']
Titan,"['skye', 'breach']"
Tsanyu,"['jett', 'raze']"
NRK,"['viper', 'killjoy', 'cypher']"
zePiCzz,['sova']
T3mpu,"['skye', 'kayo', 'clove']"
M4NI4N,"['viper', 'killjoy']"
Hotshot,"['killjoy', 'sova']"
Xini,"['sova', 'killjoy', 'jett']"
noheart,"['omen', 'reyna', 'jett']"
khe0ps,"['sova', 'harbor', 'kayo']"
iKill,"['astra', 'omen', 'fade']"
kayban,['kayo']
oliveey,"['raze', 'reyna']"
nexy,"['phoenix', 'viper', 'gekko']"
skypzz,"['killjoy', 'omen', 'cypher']"
Hax,"['neon', 'jett']"
dAkE,['omen']
Tigax,"['killjoy', 'gekko']"
symoN,"['skye', 'kayo', 'gekko']"
KDS,['raze']
hyjinx,"['omen', 'brimstone', 'viper']"
iyen,"['skye', 'breach']"
Rano,"['skye', 'viper', 'kayo']"
splash,"['reyna', 'raze', 'neon']"
lenne,"['sova', 'gekko', 'fade']"
RedKoh,"['sova', 'viper', 'cypher']"
Tempz,"['omen', 'viper', 'breach']"
Xan,"['reyna', 'raze', 'yoru']"
kpro,['omen']
Leare,"['jett', 'raze', 'killjoy']"
Tenshi,"['killjoy', 'breach']"
Patix,"['kayo', 'viper', 'breach']"
Sandro,"['omen', 'harbor', 'brimstone']"
br9dy,"['reyna', 'raze']"
CRUNCH,"['sova', 'reyna']"
Bobovo,"['viper', 'jett', 'gekko']"
dom,"['astra', 'kayo']"
Core,['omen']
Polkan,"['skye', 'kayo', 'breach']"
Lemonn,"['raze', 'sova']"
Brush,['cypher']
MCD,"['cypher', 'killjoy', 'viper']"
niwt,"['jett', 'reyna']"
azaziN,"['raze', 'jett']"
soRa,"['raze', 'yoru', 'reyna']"
Kotaro,"['killjoy', 'cypher', 'viper']"
Mykoz,"['killjoy', 'omen', 'viper']"
Nunu,"['sova', 'raze', 'kayo']"
wast3d,['omen']
Stix,"['skye', 'yoru', 'kayo']"
msh,"['cypher', 'killjoy']"
kacpi,"['omen', 'skye', 'brimstone']"
darkosek,"['breach', 'skye', 'viper']"
YouBreak,"['killjoy', 'brimstone']"
demek,"['jett', 'raze', 'reyna']"
adm1k,"['raze', 'viper', 'gekko']"
dziewa,"['sova', 'omen']"
zeikosha,"['cypher', 'viper', 'killjoy']"
RadenZ,['breach']
aidan,"['jett', 'neon']"
Complexit,"['omen', 'sova']"
LoRangeZ,"['omen', 'astra']"
pedio,"['sova', 'gekko', 'fade']"
Misterbox,"['brimstone', 'omen', 'astra']"
KhanBigD,"['kayo', 'breach', 'skye']"
Entri,"['jett', 'deadlock']"
mORTYYYY,"['brimstone', 'viper', 'omen']"
RobbY,"['skye', 'kayo']"
MrPenguin,"['gekko', 'sova']"
WFrost,"['viper', 'cypher']"
Delend,"['viper', 'astra', 'harbor']"
NightmareSan,"['breach', 'kayo']"
rkz,"['omen', 'viper', 'cypher']"
Tr1X,"['omen', 'brimstone', 'deadlock']"
mini,"['viper', 'killjoy', 'cypher']"
sh1va,"['killjoy', 'viper', 'cypher']"
deminatiX,"['raze', 'jett', 'neon']"
dRKY,"['breach', 'gekko', 'kayo']"
baha,"['skye', 'sova', 'fade']"
Gloomy,"['sova', 'gekko', 'viper']"
sturNN,"['omen', 'cypher', 'killjoy']"
MERZ,"['omen', 'viper', 'astra']"
Luca,"['viper', 'sova']"
aDrijuxaZ,['omen']
lewis,['killjoy']
Equinox,"['chamber', 'reyna', 'killjoy']"
faraway,['raze']
KiNo,"['jett', 'reyna', 'brimstone']"
kamyk,"['sage', 'breach', 'kayo']"
MAGiK,"['omen', 'killjoy', 'brimstone']"
RobbieBk,"['skye', 'sova', 'killjoy']"
jas,"['raze', 'neon', 'jett']"
mikee,"['cypher', 'astra', 'killjoy']"
irismonstah,"['cypher', 'killjoy', 'viper']"
Foods,"['raze', 'jett', 'yoru']"
IllegaL,['skye']
benzki,['viper']
Bungkus,['raze']
Docent,"['viper', 'omen', 'astra']"
dimasick,['cypher']
Anoxai,"['raze', 'breach', 'jett']"
Wolfen,"['killjoy', 'sova', 'kayo']"
dimasick,['cypher']
suyjing,"['yoru', 'deadlock']"
Wolfen,"['iso', 'raze']"
UCc,"['omen', 'brimstone']"
Snail,"['sova', 'fade']"
123,"['raze', 'jett', 'neon']"
BE,"['skye', 'omen', 'sova']"
bagels,"['omen', 'sova']"
pepecho,['omen']
reggae,"['killjoy', 'sova', 'raze']"
s4id,"['iso', 'skye', 'raze']"
Kiles,"['viper', 'cypher', 'gekko']"
ZuoKew,"['jett', 'killjoy']"
MiYaooo,"['omen', 'astra']"
Zorou,"['breach', 'skye']"
Kairo,"['gekko', 'breach', 'kayo']"
Reverie,"['skye', 'sova', 'gekko']"
SHINSEI,"['jett', 'reyna', 'cypher']"
DxN,['jett']
Ender,"['killjoy', 'skye', 'sova']"
ESMONDE,"['omen', 'viper', 'brimstone']"
kayle,"['cypher', 'brimstone', 'omen']"
Evo,"['breach', 'killjoy']"
Simulate,['raze']
ClickShift,"['viper', 'kayo']"
OneSnipeKO,"['brimstone', 'killjoy']"
drain,"['astra', 'gekko']"
Buh,"['sova', 'breach']"
Dreamas,"['killjoy', 'cypher', 'viper']"
Vico,"['cypher', 'jett', 'brimstone']"
Acerola,"['viper', 'omen', 'kayo']"
Vantage,"['omen', 'viper']"
kuroza,"['omen', 'cypher', 'killjoy']"
damaraa,"['raze', 'cypher', 'jett']"
Rapheleen,"['skye', 'raze', 'gekko']"
FrizzNatsz,"['skye', 'sova', 'gekko']"
LuciA,"['kayo', 'sova', 'gekko']"
kimmy,"['cypher', 'killjoy', 'kayo']"
dzii,"['jett', 'cypher', 'killjoy']"
sherb,['cypher']
Instxnct,"['raze', 'jett', 'sova']"
Schlemy,"['fade', 'phoenix']"
zharwow,"['brimstone', 'omen', 'viper']"
Flynch,"['jett', 'raze', 'skye']"
vascalizz,"['skye', 'breach', 'sova']"
Nay,"['cypher', 'viper', 'gekko']"
no1syboy,"['killjoy', 'breach', 'raze']"
harambe,"['raze', 'jett', 'omen']"
Kiuuuu,"['omen', 'viper', 'brimstone']"
tsägä,"['raze', 'breach']"
Bull3ts,"['jett', 'neon']"
nimbus,"['killjoy', 'cypher']"
WheelzOnFire,['omen']
Rexs,['omen']
Jahbu,"['sova', 'gekko', 'viper']"
LgenD,['jett']
Jolpi,['omen']
kyrrz,"['kayo', 'reyna', 'omen']"
CORONEL,"['omen', 'viper']"
Faska,"['sova', 'skye', 'cypher']"
Michel,"['raze', 'jett', 'neon']"
Pukytoo,"['kayo', 'breach', 'omen']"
oli,"['cypher', 'killjoy', 'sova']"
Razziss,['jett']
Javelin,"['raze', 'reyna', 'jett']"
Ayyzicle,"['breach', 'killjoy', 'gekko']"
sihw,"['omen', 'viper', 'phoenix']"
Enrik,"['skye', 'kayo', 'brimstone']"
jimbk,['sova']
Browse,"['cypher', 'sage', 'killjoy']"
FrancyBald,"['omen', 'viper']"
natty,"['killjoy', 'cypher']"
ViiZiionZzz,"['reyna', 'fade']"
cro3N,"['omen', 'viper']"
parker,"['breach', 'kayo', 'fade']"
sonofcar,"['chamber', 'raze', 'jett']"
Notexxd,"['viper', 'omen', 'brimstone']"
bao,"['clove', 'chamber', 'brimstone']"
Nanners,"['killjoy', 'cypher', 'viper']"
Veer,"['omen', 'kayo']"
Tsuya,"['chamber', 'jett', 'sova']"
Trick,"['sova', 'gekko', 'kayo']"
wrld,['cypher']
ramsito,"['sova', 'gekko']"
daveX3,"['viper', 'astra']"
wow,"['cypher', 'killjoy']"
Maxxyy,['gekko']
YoZeii,"['cypher', 'killjoy']"
ORI4K,['cypher']
FREY,"['sage', 'cypher', 'chamber']"
Kenji,"['jett', 'kayo', 'raze']"
nekky,"['viper', 'skye', 'raze']"
K4DAVRA,"['killjoy', 'cypher', 'viper']"
koalanoob,"['omen', 'jett', 'raze']"
NiSMO,"['raze', 'kayo', 'skye']"
neT,"['cypher', 'killjoy', 'viper']"
nitr0,"['killjoy', 'omen', 'cypher']"
tech,"['reyna', 'jett', 'raze']"
Arkhram,"['killjoy', 'cypher', 'viper']"
supA,"['killjoy', 'gekko', 'omen']"
x0tek,"['kayo', 'cypher']"
Akime,"['omen', 'kayo']"
Muffin,"['brimstone', 'killjoy']"
Badtz,"['raze', 'jett']"
kael,"['cypher', 'gekko', 'fade']"
FrostyZ,"['jett', 'kayo', 'omen']"
Kibojn,"['breach', 'sage', 'kayo']"
Excali,"['sova', 'killjoy', 'raze']"
psy,"['cypher', 'sova', 'skye']"
tryst,"['breach', 'viper', 'omen']"
vibhoRR,"['killjoy', 'viper', 'brimstone']"
LilBOii,"['raze', 'jett', 'omen']"
CyvOph,"['raze', 'gekko', 'sage']"
AKUMAAAAA,"['phoenix', 'raze', 'kayo']"
Goaster,"['jett', 'yoru', 'raze']"
HyP,"['omen', 'viper', 'sova']"
thebigfiz,"['sova', 'breach', 'skye']"
SoOn,"['cypher', 'killjoy']"
Pinklove,"['omen', 'sova', 'kayo']"
SexyChristian,"['kayo', 'skye', 'breach']"
doxy,"['brimstone', 'omen']"
d1srupt,"['raze', 'jett', 'gekko']"
Ash,"['jett', 'reyna', 'clove']"
FallX,"['raze', 'jett', 'chamber']"
DizzyFps,"['gekko', 'jett', 'sova']"
JoshS,"['fade', 'kayo', 'sova']"
exotic,"['raze', 'jett', 'skye']"
Dr1ch,"['killjoy', 'gekko', 'raze']"
lucas,"['breach', 'gekko', 'skye']"
consz,"['iso', 'yoru']"
MnFeaR,['sova']
CXIX666,"['cypher', 'chamber']"
nex1SphiX,"['omen', 'kayo', 'viper']"
SkyIsBlue,"['neon', 'deadlock']"
Howl,['raze']
shes,"['reyna', 'raze']"
grok,"['omen', 'breach']"
seph1roth,"['viper', 'sage', 'phoenix']"
cgrs,"['cypher', 'fade', 'sova']"
Kntz,"['harbor', 'astra', 'omen']"
Laz,"['killjoy', 'chamber', 'cypher']"
Killua,"['skye', 'killjoy', 'sova']"
16Ch0ps,"['viper', 'raze', 'sage']"
Yort,"['skye', 'gekko', 'viper']"
rite2ace,['omen']
sabAAA,"['viper', 'omen']"
Marin,"['sova', 'skye', 'breach']"
cavern,"['gekko', 'sova', 'skye']"
azys,"['jett', 'raze', 'reyna']"
rawfiul,"['sova', 'killjoy', 'cypher']"
DEATHMAKER,"['gekko', 'jett', 'raze']"
LeVi,"['omen', 'viper', 'brimstone']"
Antidote,"['kayo', 'omen', 'skye']"
mehzy,"['kayo', 'breach', 'iso']"
KHS,"['cypher', 'sova', 'jett']"
xuss,"['raze', 'jett', 'yoru']"
Fizzy,"['cypher', 'viper', 'killjoy']"
starki,"['omen', 'brimstone', 'viper']"
Obnoks,"['viper', 'skye', 'gekko']"
iluri,"['gekko', 'breach', 'sova']"
SimteK,"['omen', 'viper']"
toxik,"['viper', 'brimstone']"
Kozok,"['viper', 'omen', 'cypher']"
Akira,"['sova', 'viper', 'killjoy']"
6ankai,['jett']
pdr,"['breach', 'skye', 'sova']"
kya,['jett']
tripsy,"['cypher', 'killjoy', 'viper']"
krm,"['cypher', 'killjoy']"
Chechuu,['omen']
geeza,"['killjoy', 'cypher', 'reyna']"
ALEKSANDAR,"['gekko', 'kayo', 'skye']"
SwayZ,"['reyna', 'jett', 'raze']"
Ange,"['viper', 'omen', 'astra']"
renz,"['killjoy', 'sova', 'cypher']"
ZK,"['viper', 'omen', 'cypher']"
A1D,"['killjoy', 'brimstone', 'cypher']"
ec1s,"['sova', 'viper', 'breach']"
brawk,"['killjoy', 'skye', 'gekko']"
oderus,"['viper', 'killjoy', 'cypher']"
flyuh,"['fade', 'astra', 'skye']"
StereohearT,['jett']
Protagonist,"['sova', 'omen']"
D3XT3R,"['gekko', 'sova']"
Martux,"['deadlock', 'kayo']"
Luca,"['chamber', 'jett', 'killjoy']"
Waken,"['omen', 'viper', 'astra']"
melo,"['fade', 'brimstone', 'sova']"
OzzyTK,"['viper', 'skye', 'breach']"
stike,"['omen', 'astra', 'viper']"
k0rupt,"['omen', 'viper', 'deadlock']"
karizma,"['raze', 'jett']"
PapiChulo,"['viper', 'omen', 'brimstone']"
xavi8k,"['killjoy', 'cypher', 'sova']"
JA,"['jett', 'yoru', 'omen']"
Mojer,"['raze', 'yoru', 'jett']"
Nexi,"['killjoy', 'cypher', 'viper']"
Emman,"['sova', 'skye', 'fade']"
jcrueL,"['viper', 'brimstone', 'omen']"
JSP,"['killjoy', 'omen', 'viper']"
Torrify,"['breach', 'sage', 'kayo']"
RetrQ,"['breach', 'sova', 'skye']"
Papi,"['cypher', 'omen']"
Kahlheit神,"['skye', 'raze']"
ABATMAN,['cypher']
Kıllua,['yoru']
Elyxo,"['breach', 'omen']"
Flick,"['raze', 'jett']"
JulCáesar,"['clove', 'killjoy']"
HUNTER,"['cypher', 'sova']"
AntoL,['viper']
karam1l,"['killjoy', 'viper', 'cypher']"
DOXZ3R,"['omen', 'astra', 'harbor']"
superkata,"['jett', 'neon']"
maxxy,"['sova', 'jett']"
joshh,"['omen', 'killjoy', 'harbor']"
Meltings,"['omen', 'viper']"
gan,"['jett', 'fade']"
AloNeFillz,"['sova', 'viper', 'gekko']"
ArPoom,"['viper', 'omen', 'brimstone']"
garnetS,"['raze', 'jett', 'deadlock']"
Teerapong,"['skye', 'raze', 'kayo']"
Vickyz,['raze']
Redefy,"['kayo', 'viper']"
Zneva,"['cypher', 'sage', 'killjoy']"
Chadi,"['skye', 'jett', 'raze']"
nero,"['sova', 'fade', 'skye']"
Elysium,"['omen', 'brimstone', 'viper']"
arbie,"['omen', 'viper']"
practo,"['sova', 'viper']"
GaryDaSnail,"['cypher', 'killjoy']"
ralle,"['skye', 'sova', 'kayo']"
Dro9,"['sova', 'raze']"
IsoliDD,"['cypher', 'killjoy']"
Harvey,"['harbor', 'neon']"
MazkooMe,"['omen', 'viper']"
Jacobbb,"['cypher', 'killjoy']"
starkk,"['kayo', 'sage', 'sova']"
alannn,"['gekko', 'skye', 'phoenix']"
bipo,"['raze', 'jett', 'yoru']"
gRIGUAj,"['breach', 'fade', 'viper']"
mada,"['raze', 'jett', 'reyna']"
Verno,"['killjoy', 'gekko', 'sova']"
snirot,"['kayo', 'breach', 'skye']"
riku,"['killjoy', 'brimstone', 'astra']"
Davidp,"['skye', 'viper', 'omen']"
iXeonN,"['raze', 'yoru']"
Baransel,"['killjoy', 'gekko', 'kayo']"
MOCKING,"['cypher', 'gekko', 'breach']"
aduka,"['yoru', 'fade', 'killjoy']"
Impecunity,"['jett', 'cypher', 'phoenix']"
Hakka,"['viper', 'omen']"
mas,"['gekko', 'skye', 'kayo']"
ReQz,"['sova', 'gekko', 'skye']"
chanformer,"['viper', 'omen', 'cypher']"
Dev0,"['yoru', 'jett', 'raze']"
Bully,"['cypher', 'viper', 'killjoy']"
Movi,"['omen', 'fade', 'sova']"
Mally,"['skye', 'breach']"
falltw,"['omen', 'viper', 'breach']"
Kongi,"['cypher', 'viper', 'sage']"
Rexon,"['omen', 'cypher', 'skye']"
JKG,"['sage', 'omen', 'viper']"
jurca,"['kayo', 'skye', 'sova']"
avey,"['raze', 'jett']"
kellyS,"['harbor', 'raze', 'kayo']"
marky,"['jett', 'astra', 'omen']"
Witz,"['kayo', 'skye', 'sova']"
DubsteP,"['sova', 'skye', 'killjoy']"
XyRiS,"['sova', 'omen', 'breach']"
xeCyy,"['kayo', 'harbor', 'fade']"
HJ,"['jett', 'neon']"
Sentiro,"['omen', 'viper']"
Rosy,['omen']
Kawaii,"['breach', 'sova']"
Ale,"['jett', 'raze', 'neon']"
Kalkkuna,"['raze', 'sage', 'jett']"
Feeqn,"['killjoy', 'cypher', 'brimstone']"
Snowi,"['breach', 'kayo', 'sage']"
Jesmu,"['sova', 'kayo', 'omen']"
Limpe,"['raze', 'jett']"
nixoon,"['astra', 'omen', 'viper']"
coconut,"['killjoy', 'cypher', 'brimstone']"
Uta,"['cypher', 'jett', 'omen']"
GGHuiii,"['raze', 'jett', 'chamber']"
hypathor,"['viper', 'sova', 'skye']"
CHIMEI,"['fade', 'kayo', 'breach']"
Techno,"['omen', 'viper', 'astra']"
hellff,"['breach', 'sova', 'gekko']"
Hoax,"['viper', 'sage', 'breach']"
Venka,"['jett', 'killjoy', 'raze']"
Makaveli,"['harbor', 'raze', 'omen']"
deecee,"['cypher', 'deadlock', 'killjoy']"
trinxty,"['raze', 'jett', 'reyna']"
saun,"['omen', 'breach', 'kayo']"
ChiaWei,"['gekko', 'sova', 'skye']"
ngk,"['jett', 'raze', 'omen']"
W1nner,"['killjoy', 'yoru', 'cypher']"
SecreT,"['sova', 'omen']"
Sparticus,"['fade', 'viper']"
shinnok,"['killjoy', 'cypher', 'kayo']"
sword,"['cypher', 'jett', 'sova']"
d3mur,"['raze', 'jett', 'yoru']"
pityth,"['raze', 'killjoy', 'jett']"
Nade,['jett']
Morphiw0w,"['breach', 'gekko', 'omen']"
nekoJ,"['sova', 'breach']"
Czester,"['raze', 'jett']"
Kafka,"['viper', 'brimstone']"
Recoil,"['breach', 'kayo', 'viper']"
Mooky,"['killjoy', 'sova']"
Infinity,"['reyna', 'killjoy']"
Louitan,"['raze', 'sage', 'kayo']"
Luzuh,"['jett', 'chamber', 'yoru']"
B3ASTM0D3,"['omen', 'brimstone', 'viper']"
eleo,"['sage', 'sova', 'breach']"
skuba,"['omen', 'astra', 'brimstone']"
mitch,"['skye', 'kayo', 'breach']"
yiinel,"['sova', 'fade', 'skye']"
puffy,"['sova', 'skye']"
Rivenary,"['fade', 'sova']"
SAGE,"['cypher', 'omen']"
cara,"['cypher', 'killjoy']"
standoff,"['jett', 'raze']"
HEPSEV,['jett']
TZX,"['harbor', 'breach']"
Ryu,['sova']
Haeart,"['raze', 'neon', 'killjoy']"
Moosey,"['raze', 'yoru', 'viper']"
BONCE,"['jett', 'raze', 'yoru']"
Kestrel,"['cypher', 'breach', 'sova']"
Toy,"['skye', 'breach', 'gekko']"
Mizern,"['cypher', 'reyna', 'omen']"
Adept,"['breach', 'sova', 'killjoy']"
erennTT,"['brimstone', 'omen']"
FIVESTAR,"['cypher', 'killjoy']"
Confident,['raze']
fayy,"['cypher', 'raze']"
Roslen,"['cypher', 'killjoy']"
Syratch,"['skye', 'kayo']"
Volte,"['brimstone', 'omen']"
notxd,"['killjoy', 'cypher', 'viper']"
Ridder,"['raze', 'jett']"
koupert,['skye']
GrimReaper874,['sova']
BangtK,"['viper', 'omen']"
Dexter,"['killjoy', 'gekko']"
ducq,"['killjoy', 'sage', 'kayo']"
steezy,"['fade', 'jett', 'gekko']"
RYKER,"['raze', 'phoenix']"
NeFi,"['viper', 'skye', 'breach']"
kryo,"['phoenix', 'skye']"
exayy,"['reyna', 'omen']"
SyKo,"['sova', 'gekko', 'skye']"
YORZERA,"['raze', 'jett', 'chamber']"
traNz,['cypher']
Happen,"['fade', 'sova']"
darkwinjett,"['neon', 'sage', 'omen']"
shiio,"['omen', 'viper', 'killjoy']"
quantumrino,"['raze', 'jett']"
litshii,"['skye', 'kayo', 'sova']"
Treelover,"['viper', 'omen', 'astra']"
Daveeski,"['breach', 'raze', 'skye']"
GENETICZZ,"['cypher', 'killjoy', 'clove']"
RxYaL,"['cypher', 'killjoy', 'omen']"
Owen,"['omen', 'viper', 'brimstone']"
player,"['jett', 'neon']"
Shr1mp,"['kayo', 'breach']"
HanChe,"['astra', 'cypher']"
EduCoz,"['skye', 'fade']"
mass3R,"['skye', 'kayo', 'omen']"
SparkeR,"['brimstone', 'omen']"
LOMBA,"['gekko', 'cypher']"
XXiF,"['viper', 'killjoy', 'cypher']"
zeldris,"['jett', 'raze']"
nerve,"['brimstone', 'astra', 'omen']"
snarly,"['skye', 'kayo', 'chamber']"
tdawgg,"['raze', 'sova', 'skye']"
Nino,"['skye', 'sova']"
jstnzin,"['brimstone', 'omen']"
NoMan,"['viper', 'jett', 'gekko']"
sn0wFlake,"['omen', 'brimstone']"
NoMan,"['raze', 'kayo', 'neon']"
Midnight,"['kayo', 'gekko', 'sova']"
UdoTan,"['gekko', 'fade', 'jett']"
fainz,"['raze', 'jett', 'neon']"
Shalaby,"['raze', 'phoenix', 'neon']"
tupai,"['skye', 'cypher', 'chamber']"
redo,"['viper', 'omen']"
robot,"['omen', 'brimstone', 'viper']"
Fezisss,"['astra', 'cypher']"
jannyXD,"['raze', 'jett', 'yoru']"
Kamisseq,"['astra', 'omen', 'harbor']"
saiko,"['yoru', 'raze', 'jett']"
subbey,"['sova', 'skye']"
jans0n,"['gekko', 'cypher', 'breach']"
merix,"['viper', 'yoru', 'brimstone']"
lauzen,"['cypher', 'sage', 'killjoy']"
jonx,"['sova', 'skye', 'fade']"
m1tez,"['viper', 'omen', 'brimstone']"
nAked,"['sova', 'skye']"
nabil,"['killjoy', 'cypher']"
velis,"['brimstone', 'viper', 'omen']"
andrew,"['raze', 'brimstone', 'jett']"
kaho,"['cypher', 'killjoy', 'skye']"
d1msumboi,"['killjoy', 'viper', 'brimstone']"
contii,"['viper', 'killjoy', 'cypher']"
KP,"['gekko', 'harbor']"
Harshhh,"['harbor', 'sova', 'omen']"
aplycs,"['sova', 'omen', 'viper']"
Deadly10,"['raze', 'jett', 'neon']"
Garv,"['raze', 'jett', 'skye']"
LBY,"['sova', 'gekko', 'kayo']"
Mojo,"['sova', 'breach', 'chamber']"
ghostxD,"['brimstone', 'omen', 'viper']"
Shuffle,"['omen', 'breach']"
Suka,"['omen', 'brimstone', 'cypher']"
gin,"['killjoy', 'raze', 'phoenix']"
Milooo,"['cypher', 'viper', 'harbor']"
BánhMj,"['gekko', 'skye', 'sova']"
Pr0digy,"['reyna', 'brimstone', 'phoenix']"
TRIPCIEW,"['cypher', 'viper', 'omen']"
albus,"['skye', 'sova', 'kayo']"
Oir4m,['killjoy']
SFVV,"['sova', 'skye']"
Unhappy,"['killjoy', 'cypher']"
QueYa,"['sova', 'skye', 'harbor']"
jeffie,"['viper', 'cypher', 'killjoy']"
Timotino,"['raze', 'harbor', 'jett']"
Papicam,"['cypher', 'killjoy', 'harbor']"
tokyo,"['cypher', 'jett', 'killjoy']"
cuz,['raze']
P0LAND,['raze']
cheatcode,"['skye', 'gekko', 'kayo']"
Rebo,"['viper', 'sova']"
solution,"['omen', 'killjoy']"
Bob,"['sova', 'viper']"
Bob,"['omen', 'sova']"
Geni,"['skye', 'sova', 'cypher']"
Kush,"['skye', 'sova', 'viper']"
Madelyn,"['omen', 'skye', 'sova']"
syazren,['fade']
Nyx,"['sova', 'killjoy']"
Bonfire,"['deadlock', 'cypher']"
rexxtoned,"['omen', 'brimstone', 'killjoy']"
Lele,"['neon', 'jett', 'raze']"
syyse,"['gekko', 'sova']"
Pax,"['raze', 'jett']"
adilzera,"['cypher', 'viper', 'killjoy']"
Infamous,"['breach', 'gekko', 'kayo']"
ianto,"['viper', 'killjoy', 'yoru']"
Deqadz,"['breach', 'viper', 'omen']"
Stokesy,"['astra', 'omen']"
W1LL,['killjoy']
xenp1o,"['cypher', 'killjoy']"
Kyas,"['sova', 'cypher']"
Magnus,"['chamber', 'raze', 'jett']"
PaniC,"['neon', 'jett']"
DWX,['omen']
YoungOne,"['breach', 'sova']"
sultan,"['omen', 'viper', 'cypher']"
dos9,"['jett', 'raze', 'reyna']"
SkRossi,"['sova', 'skye', 'chamber']"
Paradox,"['sage', 'deadlock', 'gekko']"
skillZ,"['killjoy', 'cypher', 'viper']"
tricky,"['raze', 'jett']"
Nudle,"['gekko', 'breach']"
He1ji,"['breach', 'skye']"
Teey,"['fade', 'sova']"
Shiro,"['raze', 'cypher', 'neon']"
Karma,"['raze', 'jett', 'killjoy']"
Kixer,"['gekko', 'harbor', 'kayo']"
Wanted,"['astra', 'killjoy', 'brimstone']"
Belyaks1,"['deadlock', 'sova', 'skye']"
frontside,"['cypher', 'viper']"
CALVIN,"['sage', 'omen', 'killjoy']"
MiLuan,"['viper', 'omen']"
Sa1koro,"['killjoy', 'cypher', 'omen']"
AsLanM4shadoW,"['omen', 'brimstone', 'killjoy']"
Patrui,"['viper', 'sage', 'killjoy']"
russ,"['viper', 'fade', 'sova']"
batujnax,"['omen', 'raze', 'neon']"
Muj,"['raze', 'jett', 'sova']"
jeyj7y,"['fade', 'breach', 'kayo']"
braveaf,"['raze', 'sova', 'fade']"
FakeAnanas,"['skye', 'kayo', 'gekko']"
antonio,"['viper', 'kayo', 'omen']"
6ix,"['killjoy', 'sage']"
Dark3st,"['viper', 'kayo', 'reyna']"
sacred,"['omen', 'sova', 'fade']"
Kushay,"['omen', 'astra', 'brimstone']"
furbsa,"['raze', 'jett', 'reyna']"
req,"['raze', 'jett', 'astra']"
dip,"['chamber', 'omen', 'sova']"
scarn,"['raze', 'jett', 'yoru']"
Cohburg,"['cypher', 'killjoy', 'deadlock']"
Kaoticcc,"['jett', 'raze', 'reyna']"
Awkua,"['sova', 'breach', 'cypher']"
Blaize,"['killjoy', 'omen', 'breach']"
los,['omen']
brk,"['jett', 'raze', 'yoru']"
Addicted,"['sova', 'gekko', 'skye']"
Cunha20,"['omen', 'viper', 'brimstone']"
GrTw,"['killjoy', 'cypher', 'yoru']"
Fragger,"['kayo', 'sage', 'skye']"
Ksiaze,"['jett', 'raze']"
Fair,"['raze', 'killjoy']"
sSef,"['viper', 'omen']"
Chillin,"['omen', 'brimstone', 'viper']"
CANADIAN,"['raze', 'jett']"
Sushi,"['viper', 'omen', 'sage']"
Jello,"['gekko', 'fade', 'skye']"
par,"['reyna', 'raze', 'jett']"
Casual,"['astra', 'omen']"
BohKai,"['fade', 'gekko']"
Reduxx,"['raze', 'jett', 'reyna']"
dapr,"['viper', 'killjoy', 'cypher']"
yuan,"['jett', 'raze']"
S1ay3rr,"['sova', 'gekko']"
glo,"['raze', 'cypher']"
Cain,"['skye', 'sage', 'kayo']"
NIZ,"['sova', 'skye', 'jett']"
Raigard,"['viper', 'omen']"
kongared,"['skye', 'kayo', 'fade']"
tbloy,"['reyna', 'raze', 'yoru']"
SantaGolf,"['cypher', 'killjoy', 'brimstone']"
Shazeon,"['viper', 'cypher', 'killjoy']"
luckeRRR,"['skye', 'gekko', 'kayo']"
azury,"['omen', 'viper', 'brimstone']"
Leosen,"['raze', 'jett', 'reyna']"
xanarchy,"['breach', 'skye', 'raze']"
DisisJohn,"['raze', 'jett', 'neon']"
eNes,"['omen', 'viper', 'harbor']"
Divine,"['viper', 'omen', 'astra']"
qxv,"['skye', 'viper', 'kayo']"
Kimchi,"['raze', 'jett']"
Viscern,"['killjoy', 'cypher', 'breach']"
Ignite,"['sova', 'sage']"
Kipperman,"['raze', 'reyna', 'jett']"
Glenn,"['fade', 'sova']"
IceyKL,"['omen', 'sova', 'skye']"
DataKiller,"['skye', 'kayo', 'sova']"
Vital,['gekko']
novacaine,['jett']
indra,['fade']
Rykinn,"['cypher', 'killjoy']"
Xander,"['viper', 'omen']"
Click,"['jett', 'raze']"
Meddo,"['viper', 'killjoy', 'cypher']"
Felix,"['gekko', 'viper', 'omen']"
murii,"['kayo', 'skye', 'cypher']"
qpert,"['omen', 'breach', 'gekko']"
Bati,"['omen', 'brimstone', 'sova']"
Wevz,['cypher']
eugeneS,"['jett', 'raze']"
zombi3,"['killjoy', 'cypher']"
Cyan,"['fade', 'sova']"
krystal,"['raze', 'jett']"
KHorror,"['kayo', 'skye', 'breach']"
BERN1,"['cypher', 'killjoy']"
memset,"['viper', 'cypher', 'killjoy']"
Kinguyen,"['jett', 'raze', 'neon']"
Sevire,"['phoenix', 'breach', 'omen']"
APO,"['sova', 'skye', 'viper']"
DarkLight,"['omen', 'viper', 'brimstone']"
Ticey,"['raze', 'jett', 'yoru']"
Creamydreamy,"['fade', 'kayo', 'skye']"
Famzzam,"['viper', 'sova', 'breach']"
Tempo,"['killjoy', 'cypher', 'deadlock']"
Aphun,"['omen', 'harbor', 'cypher']"
HearthBeat,"['omen', 'viper', 'astra']"
niffy,"['jett', 'raze', 'reyna']"
Kadoom,"['jett', 'raze', 'neon']"
KRX,"['reyna', 'neon', 'jett']"
PinOcchiOs,"['gekko', 'breach', 'kayo']"
xZe,"['jett', 'iso', 'viper']"
Acetics,"['sova', 'deadlock', 'fade']"
Reality,"['killjoy', 'cypher', 'viper']"
MattZ,"['killjoy', 'cypher']"
florescent,"['raze', 'jett']"
meL,"['omen', 'brimstone', 'viper']"
sarahcat,"['viper', 'sova']"
Noia,"['killjoy', 'cypher']"
alexis,"['fade', 'skye', 'kayo']"
DRK,"['sova', 'skye', 'cypher']"
ARPO,"['omen', 'brimstone']"
Erizillo,['omen']
D0V3S,"['viper', 'killjoy']"
Moechilla,"['killjoy', 'astra']"
rAb1q,"['sova', 'breach', 'viper']"
yZkA1,"['omen', 'reyna', 'breach']"
roud,"['viper', 'omen']"
0wenM,"['skye', 'breach']"
skylen,"['kayo', 'deadlock', 'skye']"
ip0TT,"['jett', 'neon', 'raze']"
VenTT,"['omen', 'astra', 'harbor']"
Celasun,"['viper', 'killjoy', 'cypher']"
umu7,"['jett', 'raze', 'chamber']"
OXMANN,"['cypher', 'viper', 'killjoy']"
SouhcNi,"['sova', 'fade', 'skye']"
aui,"['omen', 'harbor']"
zarak,"['raze', 'jett']"
Catpeeman,"['gekko', 'skye']"
Yotaa,"['jett', 'cypher', 'killjoy']"
EJAY,"['raze', 'jett', 'omen']"
adrnking,"['skye', 'killjoy', 'cypher']"
neptuNo,"['viper', 'sova', 'omen']"
Blastinho,['raze']
Daniel0,"['jett', 'raze', 'killjoy']"
Negradas,"['killjoy', 'cypher', 'skye']"
humanz,"['killjoy', 'sova', 'breach']"
Skygi,['breach']
benaf,"['sage', 'reyna', 'neon']"
Pixelzz,"['brimstone', 'omen']"
Rucifix,"['breach', 'jett', 'raze']"
Teague,"['sova', 'fade', 'skye']"
Bankroft,"['skye', 'sova', 'kayo']"
JoBa,"['killjoy', 'cypher']"
ARGENT,"['chamber', 'jett']"
Daicute,"['killjoy', 'cypher']"
fishball,"['kayo', 'killjoy']"
Jango,"['cypher', 'viper']"
Henry,"['fade', 'sova', 'omen']"
weeping,"['breach', 'skye']"
Yzn,"['killjoy', 'cypher']"
p3w,['omen']
VeLo,['raze']
brezi,"['skye', 'viper']"
Palette,"['omen', 'sova', 'brimstone']"
BBC,"['fade', 'omen', 'skye']"
Fuzzie,"['sova', 'reyna', 'skye']"
q1ta,"['breach', 'skye']"
Abde,['killjoy']
socools0da,"['sova', 'fade', 'skye']"
slash,"['jett', 'raze']"
1Frog1,['jett']
nvrfear,"['fade', 'sova']"
Lear,"['gekko', 'sova', 'skye']"
mFH,"['kayo', 'harbor']"
Mint,"['jett', 'reyna']"
Bund,['gekko']
starly,"['fade', 'sage', 'sova']"
James,"['sova', 'skye']"
Nick,['omen']
Hira,"['raze', 'jett']"
inf,"['killjoy', 'cypher', 'phoenix']"
JamKes,"['sova', 'skye']"
relight,"['gekko', 'skye', 'killjoy']"
Hunzh,"['chamber', 'breach']"
Dimes,['jett']
stallion,"['viper', 'skye']"
Shawn,"['sova', 'cypher']"
LarryBanks,"['sova', 'killjoy']"
Xeetii,"['viper', 'skye']"
Drago,['omen']
AmerNone,"['chamber', 'jett']"
vS,"['sova', 'cypher', 'killjoy']"
OWEN,['omen']
goldenblue,"['omen', 'viper', 'kayo']"
Lunatic,"['breach', 'gekko', 'fade']"
S1lence,"['killjoy', 'cypher']"
Chervilious,"['omen', 'astra']"
pryxi,"['yoru', 'reyna']"
canefis,"['cypher', 'killjoy', 'viper']"
drepeex,"['cypher', 'killjoy']"
Reapy,['jett']
ShoT_UP,"['skye', 'astra', 'killjoy']"
Korsonix,"['viper', 'omen', 'cypher']"
Kehmicals,"['jett', 'raze']"
tediousdeer2844,"['sova', 'fade']"
f4ngeer,"['clove', 'raze', 'gekko']"
luckyMrJ,"['killjoy', 'cypher', 'viper']"
MANNICK,"['omen', 'raze', 'kayo']"
TajReX,"['breach', 'killjoy', 'viper']"
ANXiOS,"['omen', 'kayo', 'skye']"
WAT,"['viper', 'omen', 'clove']"
Aryu,"['cypher', 'killjoy', 'harbor']"
RvK,"['viper', 'killjoy', 'omen']"
Ri0,"['sova', 'skye', 'viper']"
GauRanG,"['omen', 'brimstone', 'viper']"
Marcai,"['jett', 'iso', 'raze']"
BatmaN,"['breach', 'killjoy', 'kayo']"
Wild0reoo,"['viper', 'omen', 'sova']"
gMd,"['omen', 'viper', 'brimstone']"
seven,"['skye', 'harbor', 'kayo']"
sym,"['raze', 'jett', 'kayo']"
aproto,"['viper', 'killjoy', 'cypher']"
POISED,"['killjoy', 'sova', 'skye']"
smudghe,"['sage', 'cypher', 'fade']"
Harmful,"['chamber', 'killjoy', 'jett']"
dazzLe,"['sova', 'killjoy']"
c4Lypso,"['omen', 'viper', 'chamber']"
yanwei,"['viper', 'sova']"
ariso,['killjoy']
Phardon,"['kayo', 'killjoy', 'raze']"
Kanpeki,"['cypher', 'killjoy', 'kayo']"
Keks,['omen']
theDoctorr,"['killjoy', 'omen', 'breach']"
Riza,"['skye', 'fade', 'sova']"
Flaring,"['viper', 'omen', 'brimstone']"
Fixy,"['jett', 'raze', 'chamber']"
markL,"['viper', 'astra', 'cypher']"
moefcute,"['raze', 'jett', 'reyna']"
Flickless,"['sage', 'breach', 'skye']"
L1NK,"['viper', 'brimstone', 'killjoy']"
YuNo,"['omen', 'viper', 'gekko']"
OLIZERA,"['killjoy', 'raze', 'cypher']"
Quick,"['sova', 'fade', 'omen']"
Scottie,"['viper', 'killjoy']"
squirmor,"['fade', 'kayo', 'skye']"
BNIPER,"['raze', 'jett']"
JSIN,"['killjoy', 'sova']"
Rudy,"['omen', 'killjoy']"
jas0n,"['killjoy', 'deadlock', 'cypher']"
Cowpie867,"['killjoy', 'raze']"
Easy,"['cypher', 'neon']"
SpookeyDog,"['gekko', 'clove']"
Melvin,['jett']
WicK,"['kayo', 'killjoy']"
baze,"['omen', 'brimstone']"
Yexz,['raze']
Nh0zKon,"['sova', 'phoenix', 'skye']"
dafam1,"['viper', 'omen']"
LilHieu,"['reyna', 'jett', 'sage']"
Tyson,"['kayo', 'skye', 'gekko']"
one1,"['skye', 'gekko']"
PPQ,['cypher']
Hardy,"['fade', 'sova']"
SNIPST,['cypher']
Unfair,"['sova', 'reyna']"
Leon,"['omen', 'sova', 'brimstone']"
Luc1d,"['jett', 'raze']"
stev0rr,"['cypher', 'killjoy']"
hairzoid,"['sova', 'skye']"
Kippo,"['raze', 'killjoy']"
Vitie,"['astra', 'viper', 'omen']"
x,['omen']
johms,"['cypher', 'sova', 'omen']"
Cosmo,"['yoru', 'raze']"
Fizzy,['breach']
V0NS,"['neon', 'chamber']"
M4CHINA,['cypher']
Faceroll,['omen']
Yuno,"['phoenix', 'reyna']"
nikolaslos,['sova']
lamelly,['omen']
Breinholt,"['jett', 'neon']"
PapaSmurf,"['viper', 'omen']"
DaFt,"['raze', 'yoru', 'jett']"
ducT,"['breach', 'kayo', 'omen']"
KING,"['killjoy', 'cypher']"
haint,"['skye', 'sova']"
maou,"['skye', 'gekko', 'sova']"
Ambi,"['kayo', 'breach', 'sage']"
NeskaaS,"['cypher', 'killjoy', 'harbor']"
Sacake,"['sova', 'skye', 'gekko']"
yokam,"['raze', 'jett', 'reyna']"
Hotsauz,"['cypher', 'killjoy']"
tesseract,"['sova', 'gekko', 'fade']"
sayoo,"['raze', 'viper', 'cypher']"
Yukxx,"['jett', 'gekko', 'omen']"
Kohliii,"['omen', 'sova', 'brimstone']"
Georggyyy,"['yoru', 'skye', 'jett']"
endoist,"['raze', 'jett', 'neon']"
MERjie,"['omen', 'kayo', 'skye']"
VADE,"['cypher', 'omen', 'viper']"
XnB,"['kayo', 'breach', 'skye']"
acrian,"['cypher', 'killjoy', 'viper']"
Tommy,"['gekko', 'fade', 'sova']"
Zamal,"['raze', 'jett']"
satellite,"['raze', 'jett', 'neon']"
mikshak,"['omen', 'viper', 'brimstone']"
nk4y,"['chamber', 'jett', 'raze']"
King,['sova']
basya,"['viper', 'cypher', 'killjoy']"
Ivan4ezz,"['viper', 'sova', 'gekko']"
Anq,"['raze', 'jett']"
Apyr,"['kayo', 'jett', 'harbor']"
Bara,"['skye', 'sova', 'breach']"
Anq,"['jett', 'raze', 'yoru']"
stunna,"['raze', 'jett']"
dopey,"['viper', 'killjoy']"
Tristiieee,['sova']
toozy,"['brimstone', 'kayo', 'omen']"
cookie,"['yoru', 'chamber']"
zondA,"['viper', 'deadlock', 'sova']"
Mikeyloros,['sova']
Nille,"['cypher', 'killjoy', 'viper']"
mishu,"['sova', 'fade']"
LETHAL,"['breach', 'kayo', 'harbor']"
freddan,"['skye', 'omen']"
Davud,"['raze', 'jett']"
sunshine,"['omen', 'killjoy', 'cypher']"
Radski,"['sova', 'breach', 'cypher']"
SmokeA,"['sova', 'yoru', 'chamber']"
Aniemal,"['killjoy', 'cypher']"
jvoh,"['killjoy', 'cypher']"
Vims,"['jett', 'raze']"
sambae,"['kayo', 'sova']"
heartless,"['raze', 'jett']"
Truman,"['sova', 'skye']"
caMz,"['jett', 'raze']"
mikasa,"['fade', 'breach', 'kayo']"
RAMZES999,['killjoy']
mina,"['raze', 'jett', 'gekko']"
infiltrator,"['jett', 'raze', 'neon']"
Jerk,"['sova', 'killjoy', 'cypher']"
moobs,"['reyna', 'skye', 'fade']"
silenx,"['cypher', 'killjoy', 'viper']"
Nahsie,"['cypher', 'omen', 'sova']"
Critical,"['skye', 'killjoy', 'sova']"
ExciteMVP,"['sova', 'gekko', 'chamber']"
A77,"['sova', 'viper']"
gucc107,"['viper', 'omen', 'sage']"
Dinxx,"['jett', 'raze']"
In0X,['gekko']
Boltzy,"['harbor', 'omen']"
zane,"['omen', 'brimstone']"
QiuYe,['cypher']
Core,['breach']
5CM,['neon']
waituu,"['brimstone', 'omen']"
G1Xad,"['deadlock', 'gekko', 'fade']"
Potter,"['jett', 'raze', 'chamber']"
aLerT,"['killjoy', 'raze', 'cypher']"
Siraww,"['sova', 'skye', 'fade']"
basbabe,"['kayo', 'sage', 'viper']"
D4rf,"['omen', 'viper', 'astra']"
b3ta,"['viper', 'omen', 'brimstone']"
bnwgiggs,"['viper', 'breach', 'kayo']"
hvoya,"['cypher', 'killjoy', 'sova']"
Kr1stal,"['kayo', 'sova', 'viper']"
Rarga,"['jett', 'neon', 'raze']"
MrCANI,"['gekko', 'omen', 'breach']"
happywei,"['killjoy', 'cypher', 'vyse']"
MarT1n,"['viper', 'harbor', 'omen']"
FrenZyy,"['skye', 'sova', 'breach']"
Mad22D,"['raze', 'killjoy']"
Goliathz,"['skye', 'chamber']"
glxy,['omen']
tweethy,"['cypher', 'fade', 'killjoy']"
Marky,"['raze', 'jett', 'sage']"
RIZEU,"['harbor', 'astra']"
bless,"['omen', 'reyna']"
Crescent,"['jett', 'kayo', 'skye']"
Tootsie,"['harbor', 'viper']"
ShadowKnight,"['sage', 'raze']"
Tayz,['killjoy']
Devine,"['viper', 'breach']"
Raiu,['omen']
Hydroxic,"['sova', 'skye']"
jakee,"['viper', 'omen', 'clove']"
thief,"['killjoy', 'cypher', 'omen']"
bdog,"['breach', 'gekko', 'omen']"
Will,"['omen', 'viper', 'jett']"
fiziq,"['skye', 'sova', 'kayo']"
Seif,"['skye', 'sova', 'gekko']"
Chowdy,"['brimstone', 'viper', 'omen']"
noj,"['sage', 'killjoy']"
Stunny,"['viper', 'omen']"
ChrisM,"['killjoy', 'kayo']"
6dre,['sova']
Toshi,"['raze', 'jett']"
L1nk,"['killjoy', 'chamber']"
Freyy,"['brimstone', 'omen', 'viper']"
AjMERiTO,"['omen', 'astra']"
snikk,"['skye', 'sova', 'gekko']"
ALMO,"['viper', 'killjoy', 'cypher']"
Krizz,"['raze', 'jett', 'yoru']"
Ayke,"['sova', 'omen', 'brimstone']"
kenobi,"['cypher', 'kayo', 'killjoy']"
Veqaj,"['skye', 'kayo', 'viper']"
Jady,"['gekko', 'breach', 'kayo']"
lux9,"['raze', 'jett', 'yoru']"
UNFAKE,"['fade', 'sova', 'skye']"
Babax,"['omen', 'viper', 'brimstone']"
Mercure,"['brimstone', 'sage', 'reyna']"
roxie,"['sova', 'fade']"
Tim,"['viper', 'omen', 'astra']"
PatMen,"['raze', 'kayo', 'yoru']"
Shintaro,['jett']
ZYND,"['reyna', 'jett', 'viper']"
Kevzii,"['viper', 'omen', 'sova']"
Kakarot,"['killjoy', 'cypher', 'jett']"
jEEE,"['omen', 'viper', 'skye']"
micr0,"['skye', 'sova', 'viper']"
nateflix,"['fade', 'cypher']"
B1SK,"['jett', 'raze', 'neon']"
f1cio,"['omen', 'killjoy']"
FFs,"['sova', 'harbor']"
slowly,"['yoru', 'omen']"
B1SK,"['neon', 'jett']"
YOU,"['breach', 'cypher', 'sova']"
f1cio,"['omen', 'viper', 'gekko']"
VolcaN,"['sova', 'fade', 'omen']"